Firm,종목명,산업코드,산업명-소분류,Index,산업명-대분류
A000020,동화약품,FGSC.35.20.20,제약,KOSPI,의료
A000030,우리은행,FGSC.40.10.10,상업은행,KOSPI,금융
A000040,KR모터스,FGSC.25.10.20,자동차,KOSPI,경기소비재
A000050,경방,FGSC.25.20.30,섬유 및 의복,KOSPI,경기소비재
A000060,메리츠화재,FGSC.40.30.10,보험,KOSPI,금융
A000070,삼양홀딩스,FGSC.30.20.20,식료품,KOSPI,필수소비재
A000080,하이트진로,FGSC.30.20.10,음료,KOSPI,필수소비재
A000100,유한양행,FGSC.35.20.20,제약,KOSPI,의료
A000120,CJ대한통운,FGSC.20.30.40,육상운수,KOSPI,산업재
A000140,하이트진로홀딩스,FGSC.30.20.10,음료,KOSPI,필수소비재
A000150,두산,FGSC.20.10.50,복합 산업,KOSPI,산업재
A000180,성창기업지주,FGSC.15.10.50,종이 및 목재,KOSPI,소재
A000210,대림산업,FGSC.20.10.30,건설,KOSPI,산업재
A000220,유유제약,FGSC.35.20.20,제약,KOSPI,의료
A000230,일동홀딩스,FGSC.35.20.20,제약,KOSPI,의료
A000240,한국타이어월드와이드,FGSC.25.10.10,자동차부품,KOSPI,경기소비재
A000270,기아차,FGSC.25.10.20,자동차,KOSPI,경기소비재
A000300,대유플러스,FGSC.25.10.10,자동차부품,KOSPI,경기소비재
A000320,노루홀딩스,FGSC.20.10.20,건축자재,KOSPI,산업재
A000370,한화손해보험,FGSC.40.30.10,보험,KOSPI,금융
A000390,삼화페인트,FGSC.20.10.20,건축자재,KOSPI,산업재
A000400,롯데손해보험,FGSC.40.30.10,보험,KOSPI,금융
A000430,대원강업,FGSC.25.10.10,자동차부품,KOSPI,경기소비재
A000480,조선내화,FGSC.15.10.40,금속 및 광물,KOSPI,소재
A000490,대동공업,FGSC.20.10.60,기계,KOSPI,산업재
A000500,가온전선,FGSC.20.10.40,전기장비,KOSPI,산업재
A000520,삼일제약,FGSC.35.20.20,제약,KOSPI,의료
A000540,흥국화재,FGSC.40.30.10,보험,KOSPI,금융
A000590,CS홀딩스,FGSC.15.10.40,금속 및 광물,KOSPI,소재
A000640,동아쏘시오홀딩스,FGSC.35.20.20,제약,KOSPI,의료
A000650,천일고속,FGSC.20.30.40,육상운수,KOSPI,산업재
A000660,SK하이닉스,FGSC.45.30.10,반도체 및 관련장비,KOSPI,IT
A000670,영풍,FGSC.45.20.50,휴대폰 및 관련부품,KOSPI,IT
A000680,LS네트웍스,FGSC.25.20.30,섬유 및 의복,KOSPI,경기소비재
A000700,유수홀딩스,FGSC.20.30.30,해상운수,KOSPI,산업재
A000720,현대건설,FGSC.20.10.30,건설,KOSPI,산업재
A000760,이화산업,FGSC.15.10.10,화학,KOSPI,소재
A000810,삼성화재,FGSC.40.30.10,보험,KOSPI,금융
A000850,화천기공,FGSC.20.10.60,기계,KOSPI,산업재
A000860,강남제비스코,FGSC.20.10.20,건축자재,KOSPI,산업재
A000880,한화,FGSC.20.10.50,복합 산업,KOSPI,산업재
A000890,보해양조,FGSC.30.20.10,음료,KOSPI,필수소비재
A000910,유니온,FGSC.15.10.20,건축소재,KOSPI,소재
A000950,전방,FGSC.25.20.30,섬유 및 의복,KOSPI,경기소비재
A000970,한국주철관,FGSC.15.10.40,금속 및 광물,KOSPI,소재
A000990,동부하이텍,FGSC.45.30.10,반도체 및 관련장비,KOSPI,IT
A001020,페이퍼코리아,FGSC.15.10.50,종이 및 목재,KOSPI,소재
A001040,CJ,FGSC.30.20.20,식료품,KOSPI,필수소비재
A001060,JW중외제약,FGSC.35.20.20,제약,KOSPI,의료
A001070,대한방직,FGSC.25.20.30,섬유 및 의복,KOSPI,경기소비재
A001080,만호제강,FGSC.15.10.40,금속 및 광물,KOSPI,소재
A001120,LG상사,FGSC.20.10.70,무역,KOSPI,산업재
A001130,대한제분,FGSC.30.20.20,식료품,KOSPI,필수소비재
A001140,국보,FGSC.20.30.40,육상운수,KOSPI,산업재
A001200,유진투자증권,FGSC.40.50.10,증권,KOSPI,금융
A001210,금호전기,FGSC.45.40.10,디스플레이 및 관련부품,KOSPI,IT
A001230,동국제강,FGSC.15.10.40,금속 및 광물,KOSPI,소재
A001250,GS글로벌,FGSC.20.10.70,무역,KOSPI,산업재
A001260,남광토건,FGSC.20.10.30,건설,KOSPI,산업재
A001270,부국증권,FGSC.40.50.10,증권,KOSPI,금융
A001290,골든브릿지증권,FGSC.40.50.10,증권,KOSPI,금융
A001340,백광산업,FGSC.15.10.10,화학,KOSPI,소재
A001360,삼성제약,FGSC.35.20.20,제약,KOSPI,의료
A001380,SG충방,FGSC.25.10.20,자동차,KOSPI,경기소비재
A001390,KG케미칼,FGSC.15.10.10,화학,KOSPI,소재
A001420,태원물산,FGSC.25.10.10,자동차부품,KOSPI,경기소비재
A001430,세아베스틸,FGSC.15.10.40,금속 및 광물,KOSPI,소재
A001440,대한전선,FGSC.20.10.40,전기장비,KOSPI,산업재
A001450,현대해상,FGSC.40.30.10,보험,KOSPI,금융
A001460,BYC,FGSC.25.20.30,섬유 및 의복,KOSPI,경기소비재
A001470,삼부토건,FGSC.20.10.30,건설,KOSPI,산업재
A001500,현대차투자증권,FGSC.40.50.10,증권,KOSPI,금융
A001510,SK증권,FGSC.40.50.10,증권,KOSPI,금융
A001520,동양,FGSC.15.10.20,건축소재,KOSPI,소재
A001530,동일방직,FGSC.25.20.30,섬유 및 의복,KOSPI,경기소비재
A001550,조비,FGSC.15.10.10,화학,KOSPI,소재
A001560,제일연마,FGSC.15.10.40,금속 및 광물,KOSPI,소재
A001570,금양,FGSC.15.10.10,화학,KOSPI,소재
A001620,동국실업,FGSC.25.10.10,자동차부품,KOSPI,경기소비재
A001630,종근당홀딩스,FGSC.35.20.20,제약,KOSPI,의료
A001680,대상,FGSC.30.20.20,식료품,KOSPI,필수소비재
A001720,신영증권,FGSC.40.50.10,증권,KOSPI,금융
A001740,SK네트웍스,FGSC.20.10.50,복합 산업,KOSPI,산업재
A001750,한양증권,FGSC.40.50.10,증권,KOSPI,금융
A001770,신화실업,FGSC.15.10.40,금속 및 광물,KOSPI,소재
A001780,알루코,FGSC.15.10.40,금속 및 광물,KOSPI,소재
A001790,대한제당,FGSC.30.20.20,식료품,KOSPI,필수소비재
A001800,오리온홀딩스,FGSC.30.20.20,식료품,KOSPI,필수소비재
A001820,삼화콘덴서,FGSC.20.10.40,전기장비,KOSPI,산업재
A001880,삼호,FGSC.20.10.30,건설,KOSPI,산업재
A001940,KISCO홀딩스,FGSC.15.10.40,금속 및 광물,KOSPI,소재
A002000,한국유리,FGSC.20.10.20,건축자재,KOSPI,산업재
A002020,코오롱,FGSC.20.10.50,복합 산업,KOSPI,산업재
A002030,아세아,FGSC.15.10.50,종이 및 목재,KOSPI,소재
A002070,남영비비안,FGSC.25.20.30,섬유 및 의복,KOSPI,경기소비재
A002100,경농,FGSC.15.10.10,화학,KOSPI,소재
A002140,고려산업,FGSC.30.20.20,식료품,KOSPI,필수소비재
A002150,도화엔지니어링,FGSC.20.10.30,건설,KOSPI,산업재
A002170,삼양통상,FGSC.25.20.30,섬유 및 의복,KOSPI,경기소비재
A002200,수출포장,FGSC.15.10.30,용기 및 포장,KOSPI,소재
A002210,동성제약,FGSC.35.20.20,제약,KOSPI,의료
A002220,한일철강,FGSC.15.10.40,금속 및 광물,KOSPI,소재
A002240,고려제강,FGSC.15.10.40,금속 및 광물,KOSPI,소재
A002250,알보젠코리아,FGSC.35.20.20,제약,KOSPI,의료
A002270,롯데푸드,FGSC.30.20.20,식료품,KOSPI,필수소비재
A002300,한국제지,FGSC.15.10.50,종이 및 목재,KOSPI,소재
A002310,아세아제지,FGSC.15.10.50,종이 및 목재,KOSPI,소재
A002320,한진,FGSC.20.30.40,육상운수,KOSPI,산업재
A002350,넥센타이어,FGSC.25.10.10,자동차부품,KOSPI,경기소비재
A002360,SH에너지화학,FGSC.15.10.10,화학,KOSPI,소재
A002380,KCC,FGSC.20.10.20,건축자재,KOSPI,산업재
A002390,한독,FGSC.35.20.20,제약,KOSPI,의료
A002410,범양건영,FGSC.20.10.30,건설,KOSPI,산업재
A002420,세기상사,FGSC.25.40.10,미디어,KOSPI,경기소비재
A002450,삼익악기,FGSC.25.20.20,레저용품,KOSPI,경기소비재
A002460,화성산업,FGSC.20.10.30,건설,KOSPI,산업재
A002600,조흥,FGSC.30.20.20,식료품,KOSPI,필수소비재
A002620,제일파마홀딩스,FGSC.35.20.20,제약,KOSPI,의료
A002630,오리엔트바이오,FGSC.25.10.20,자동차,KOSPI,경기소비재
A002690,동일제강,FGSC.15.10.40,금속 및 광물,KOSPI,소재
A002700,신일산업,FGSC.25.20.10,내구소비재,KOSPI,경기소비재
A002710,TCC동양,FGSC.15.10.40,금속 및 광물,KOSPI,소재
A002720,국제약품,FGSC.35.20.20,제약,KOSPI,의료
A002760,보락,FGSC.15.10.10,화학,KOSPI,소재
A002780,진흥기업,FGSC.20.10.30,건설,KOSPI,산업재
A002790,아모레G,FGSC.30.30.20,개인생활용품,KOSPI,필수소비재
A002810,삼영무역,FGSC.15.10.10,화학,KOSPI,소재
A002820,선창산업,FGSC.15.10.50,종이 및 목재,KOSPI,소재
A002840,미원상사,FGSC.15.10.10,화학,KOSPI,소재
A002870,신풍제지,FGSC.15.10.50,종이 및 목재,KOSPI,소재
A002880,대유에이텍,FGSC.25.10.10,자동차부품,KOSPI,경기소비재
A002900,동양물산,FGSC.20.10.60,기계,KOSPI,산업재
A002920,유성기업,FGSC.25.10.10,자동차부품,KOSPI,경기소비재
A002960,한국쉘석유,FGSC.15.10.10,화학,KOSPI,소재
A002990,금호산업,FGSC.20.10.30,건설,KOSPI,산업재
A003000,부광약품,FGSC.35.20.20,제약,KOSPI,의료
A003010,혜인,FGSC.20.10.60,기계,KOSPI,산업재
A003030,세아제강,FGSC.15.10.40,금속 및 광물,KOSPI,소재
A003060,에이프로젠제약,FGSC.35.20.20,제약,KOSPI,의료
A003070,코오롱글로벌,FGSC.20.10.30,건설,KOSPI,산업재
A003080,성보화학,FGSC.15.10.10,화학,KOSPI,소재
A003090,대웅,FGSC.35.20.20,제약,KOSPI,의료
A003120,일성신약,FGSC.35.20.20,제약,KOSPI,의료
A003160,디아이,FGSC.45.30.10,반도체 및 관련장비,KOSPI,IT
A003200,일신방직,FGSC.25.20.30,섬유 및 의복,KOSPI,경기소비재
A003220,대원제약,FGSC.35.20.20,제약,KOSPI,의료
A003230,삼양식품,FGSC.30.20.20,식료품,KOSPI,필수소비재
A003240,태광산업,FGSC.15.10.10,화학,KOSPI,소재
A003280,흥아해운,FGSC.20.30.30,해상운수,KOSPI,산업재
A003300,한일시멘트,FGSC.15.10.20,건축소재,KOSPI,소재
A003350,한국화장품제조,FGSC.30.30.20,개인생활용품,KOSPI,필수소비재
A003410,쌍용양회,FGSC.15.10.20,건축소재,KOSPI,소재
A003460,유화증권,FGSC.40.50.10,증권,KOSPI,금융
A003470,유안타증권,FGSC.40.50.10,증권,KOSPI,금융
A003480,한진중공업홀딩스,FGSC.55.10.20,가스,KOSPI,유틸리티
A003490,대한항공,FGSC.20.30.20,항공운수,KOSPI,산업재
A003520,영진약품,FGSC.35.20.20,제약,KOSPI,의료
A003530,한화투자증권,FGSC.40.50.10,증권,KOSPI,금융
A003540,대신증권,FGSC.40.50.10,증권,KOSPI,금융
A003550,LG,FGSC.20.10.50,복합 산업,KOSPI,산업재
A003560,IHQ,FGSC.25.40.10,미디어,KOSPI,경기소비재
A003570,S&T중공업,FGSC.25.10.10,자동차부품,KOSPI,경기소비재
A003580,동원,FGSC.15.10.20,건축소재,KOSPI,소재
A003610,방림,FGSC.25.20.30,섬유 및 의복,KOSPI,경기소비재
A003620,쌍용차,FGSC.25.10.20,자동차,KOSPI,경기소비재
A003650,미창석유,FGSC.15.10.10,화학,KOSPI,소재
A003680,한성기업,FGSC.30.20.20,식료품,KOSPI,필수소비재
A003690,코리안리,FGSC.40.30.10,보험,KOSPI,금융
A003720,삼영화학,FGSC.15.10.30,용기 및 포장,KOSPI,소재
A003780,진양산업,FGSC.15.10.10,화학,KOSPI,소재
A003830,대한화섬,FGSC.15.10.10,화학,KOSPI,소재
A003850,보령제약,FGSC.35.20.20,제약,KOSPI,의료
A003920,남양유업,FGSC.30.20.20,식료품,KOSPI,필수소비재
A003960,사조대림,FGSC.30.20.20,식료품,KOSPI,필수소비재
A004000,롯데정밀화학,FGSC.15.10.10,화학,KOSPI,소재
A004020,현대제철,FGSC.15.10.40,금속 및 광물,KOSPI,소재
A004060,SG세계물산,FGSC.25.20.30,섬유 및 의복,KOSPI,경기소비재
A004080,신흥,FGSC.35.10.10,의료 장비 및 서비스,KOSPI,의료
A004090,한국석유,FGSC.15.10.20,건축소재,KOSPI,소재
A004100,태양금속,FGSC.25.10.10,자동차부품,KOSPI,경기소비재
A004130,대덕GDS,FGSC.45.20.30,전자 장비 및 기기,KOSPI,IT
A004140,동방,FGSC.20.30.50,운송인프라,KOSPI,산업재
A004150,한솔홀딩스,FGSC.20.10.50,복합 산업,KOSPI,산업재
A004170,신세계,FGSC.25.50.30,백화점,KOSPI,경기소비재
A004200,고려개발,FGSC.20.10.30,건설,KOSPI,산업재
A004250,NPC,FGSC.15.10.10,화학,KOSPI,소재
A004270,남성,FGSC.45.20.30,전자 장비 및 기기,KOSPI,IT
A004310,현대약품,FGSC.35.20.20,제약,KOSPI,의료
A004360,세방,FGSC.20.30.40,육상운수,KOSPI,산업재
A004370,농심,FGSC.30.20.20,식료품,KOSPI,필수소비재
A004380,삼익THK,FGSC.20.10.60,기계,KOSPI,산업재
A004410,서울식품,FGSC.30.20.20,식료품,KOSPI,필수소비재
A004430,송원산업,FGSC.15.10.10,화학,KOSPI,소재
A004440,대림씨엔에스,FGSC.15.10.20,건축소재,KOSPI,소재
A004450,삼화왕관,FGSC.15.10.30,용기 및 포장,KOSPI,소재
A004490,세방전지,FGSC.25.10.10,자동차부품,KOSPI,경기소비재
A004540,깨끗한나라,FGSC.15.10.50,종이 및 목재,KOSPI,소재
A004560,현대비앤지스틸,FGSC.15.10.40,금속 및 광물,KOSPI,소재
A004690,삼천리,FGSC.55.10.20,가스,KOSPI,유틸리티
A004700,조광피혁,FGSC.25.20.30,섬유 및 의복,KOSPI,경기소비재
A004710,한솔테크닉스,FGSC.45.20.50,휴대폰 및 관련부품,KOSPI,IT
A004720,우리들제약,FGSC.35.20.20,제약,KOSPI,의료
A004770,써니전자,FGSC.45.20.30,전자 장비 및 기기,KOSPI,IT
A004800,효성,FGSC.20.10.50,복합 산업,KOSPI,산업재
A004830,덕성,FGSC.25.20.30,섬유 및 의복,KOSPI,경기소비재
A004840,DRB동일,FGSC.25.10.10,자동차부품,KOSPI,경기소비재
A004870,티웨이홀딩스,FGSC.20.30.20,항공운수,KOSPI,산업재
A004890,동일산업,FGSC.15.10.40,금속 및 광물,KOSPI,소재
A004910,조광페인트,FGSC.20.10.20,건축자재,KOSPI,산업재
A004920,씨아이테크,FGSC.45.10.20,IT 서비스,KOSPI,IT
A004960,한신공영,FGSC.20.10.30,건설,KOSPI,산업재
A004970,신라교역,FGSC.30.20.20,식료품,KOSPI,필수소비재
A004980,성신양회,FGSC.15.10.20,건축소재,KOSPI,소재
A004990,롯데제과,FGSC.30.20.20,식료품,KOSPI,필수소비재
A005010,휴스틸,FGSC.15.10.40,금속 및 광물,KOSPI,소재
A005030,부산주공,FGSC.25.10.10,자동차부품,KOSPI,경기소비재
A005070,코스모신소재,FGSC.45.20.20,컴퓨터 및 주변기기,KOSPI,IT
A005090,삼광글라스,FGSC.15.10.30,용기 및 포장,KOSPI,소재
A005110,한창,FGSC.40.40.10,부동산,KOSPI,금융
A005180,빙그레,FGSC.30.20.20,식료품,KOSPI,필수소비재
A005190,동성화학,FGSC.15.10.10,화학,KOSPI,소재
A005250,녹십자홀딩스,FGSC.35.20.20,제약,KOSPI,의료
A005300,롯데칠성,FGSC.30.20.10,음료,KOSPI,필수소비재
A005320,국동,FGSC.25.20.30,섬유 및 의복,KOSPI,경기소비재
A005360,모나미,FGSC.20.20.10,상업서비스,KOSPI,산업재
A005380,현대차,FGSC.25.10.20,자동차,KOSPI,경기소비재
A005390,신성통상,FGSC.25.20.30,섬유 및 의복,KOSPI,경기소비재
A005420,코스모화학,FGSC.15.10.10,화학,KOSPI,소재
A005430,한국공항,FGSC.20.30.20,항공운수,KOSPI,산업재
A005440,현대그린푸드,FGSC.25.30.10,호텔 및 레저,KOSPI,경기소비재
A005450,신한,FGSC.25.30.10,호텔 및 레저,KOSPI,경기소비재
A005490,POSCO,FGSC.15.10.40,금속 및 광물,KOSPI,소재
A005500,삼진제약,FGSC.35.20.20,제약,KOSPI,의료
A005610,SPC삼립,FGSC.30.20.20,식료품,KOSPI,필수소비재
A005680,삼영전자,FGSC.20.10.40,전기장비,KOSPI,산업재
A005690,파미셀,FGSC.35.20.10,바이오,KOSPI,의료
A005720,넥센,FGSC.25.10.10,자동차부품,KOSPI,경기소비재
A005740,크라운해태홀딩스,FGSC.30.20.20,식료품,KOSPI,필수소비재
A005750,대림B&Co,FGSC.20.10.20,건축자재,KOSPI,산업재
A005800,신영와코루,FGSC.25.20.30,섬유 및 의복,KOSPI,경기소비재
A005810,풍산홀딩스,FGSC.15.10.40,금속 및 광물,KOSPI,소재
A005820,원림,FGSC.15.10.30,용기 및 포장,KOSPI,소재
A005830,동부화재,FGSC.40.30.10,보험,KOSPI,금융
A005850,에스엘,FGSC.25.10.10,자동차부품,KOSPI,경기소비재
A005870,휴니드,FGSC.45.20.10,통신장비,KOSPI,IT
A005880,대한해운,FGSC.20.30.30,해상운수,KOSPI,산업재
A005930,삼성전자,FGSC.45.20.50,휴대폰 및 관련부품,KOSPI,IT
A005940,NH투자증권,FGSC.40.50.10,증권,KOSPI,금융
A005950,이수화학,FGSC.15.10.10,화학,KOSPI,소재
A005960,동부건설,FGSC.20.10.30,건설,KOSPI,산업재
A005980,성지건설,FGSC.20.10.30,건설,KOSPI,산업재
A006040,동원산업,FGSC.30.20.20,식료품,KOSPI,필수소비재
A006060,화승인더,FGSC.25.20.30,섬유 및 의복,KOSPI,경기소비재
A006090,사조오양,FGSC.30.20.20,식료품,KOSPI,필수소비재
A006110,삼아알미늄,FGSC.15.10.40,금속 및 광물,KOSPI,소재
A006120,SK케미칼,FGSC.10.10.20,석유 및 가스,KOSPI,에너지
A006200,한국전자홀딩스,FGSC.45.30.10,반도체 및 관련장비,KOSPI,IT
A006220,제주은행,FGSC.40.10.10,상업은행,KOSPI,금융
A006260,LS,FGSC.20.10.40,전기장비,KOSPI,산업재
A006280,녹십자,FGSC.35.20.20,제약,KOSPI,의료
A006340,대원전선,FGSC.20.10.40,전기장비,KOSPI,산업재
A006360,GS건설,FGSC.20.10.30,건설,KOSPI,산업재
A006370,대구백화점,FGSC.25.50.30,백화점,KOSPI,경기소비재
A006380,카프로,FGSC.15.10.10,화학,KOSPI,소재
A006390,현대시멘트,FGSC.15.10.20,건축소재,KOSPI,소재
A006400,삼성SDI,FGSC.45.20.30,전자 장비 및 기기,KOSPI,IT
A006490,인스코비,FGSC.50.10.20,무선통신,KOSPI,통신서비스
A006570,대림통상,FGSC.20.10.20,건축자재,KOSPI,산업재
A006650,대한유화,FGSC.15.10.10,화학,KOSPI,소재
A006660,삼성공조,FGSC.25.10.10,자동차부품,KOSPI,경기소비재
A006740,영풍제지,FGSC.15.10.50,종이 및 목재,KOSPI,소재
A006800,미래에셋대우,FGSC.40.50.10,증권,KOSPI,금융
A006840,AK홀딩스,FGSC.15.10.10,화학,KOSPI,소재
A006880,신송홀딩스,FGSC.30.20.20,식료품,KOSPI,필수소비재
A006890,태경화학,FGSC.15.10.10,화학,KOSPI,소재
A006980,우성사료,FGSC.30.20.20,식료품,KOSPI,필수소비재
A007070,GS리테일,FGSC.25.50.10,도소매,KOSPI,경기소비재
A007110,일신석재,FGSC.15.10.20,건축소재,KOSPI,소재
A007120,미래아이앤지,FGSC.45.10.20,IT 서비스,KOSPI,IT
A007160,사조산업,FGSC.30.20.20,식료품,KOSPI,필수소비재
A007210,벽산,FGSC.20.10.20,건축자재,KOSPI,산업재
A007280,한국특수형강,FGSC.15.10.40,금속 및 광물,KOSPI,소재
A007310,오뚜기,FGSC.30.20.20,식료품,KOSPI,필수소비재
A007340,동아타이어,FGSC.25.10.10,자동차부품,KOSPI,경기소비재
A007460,나라케이아이씨,FGSC.15.10.40,금속 및 광물,KOSPI,소재
A007540,샘표,FGSC.30.20.20,식료품,KOSPI,필수소비재
A007570,일양약품,FGSC.35.20.20,제약,KOSPI,의료
A007590,동방아그로,FGSC.15.10.10,화학,KOSPI,소재
A007610,선도전기,FGSC.20.10.40,전기장비,KOSPI,산업재
A007630,암니스,FGSC.45.20.10,통신장비,KOSPI,IT
A007660,이수페타시스,FGSC.45.20.30,전자 장비 및 기기,KOSPI,IT
A007690,국도화학,FGSC.15.10.10,화학,KOSPI,소재
A007700,F&F,FGSC.25.20.30,섬유 및 의복,KOSPI,경기소비재
A007810,코리아써키트,FGSC.45.20.30,전자 장비 및 기기,KOSPI,IT
A007860,서연,FGSC.25.10.10,자동차부품,KOSPI,경기소비재
A007980,태평양물산,FGSC.25.20.30,섬유 및 의복,KOSPI,경기소비재
A008000,도레이케미칼,FGSC.15.10.10,화학,KOSPI,소재
A008040,사조동아원,FGSC.30.20.20,식료품,KOSPI,필수소비재
A008060,대덕전자,FGSC.45.20.30,전자 장비 및 기기,KOSPI,IT
A008110,대동전자,FGSC.45.20.30,전자 장비 및 기기,KOSPI,IT
A008250,이건산업,FGSC.15.10.50,종이 및 목재,KOSPI,소재
A008260,NI스틸,FGSC.15.10.40,금속 및 광물,KOSPI,소재
A008350,남선알미늄,FGSC.15.10.40,금속 및 광물,KOSPI,소재
A008420,문배철강,FGSC.15.10.40,금속 및 광물,KOSPI,소재
A008490,서흥,FGSC.35.20.20,제약,KOSPI,의료
A008500,일정실업,FGSC.25.10.10,자동차부품,KOSPI,경기소비재
A008560,메리츠종금증권,FGSC.40.50.10,증권,KOSPI,금융
A008600,윌비스,FGSC.25.20.30,섬유 및 의복,KOSPI,경기소비재
A008700,아남전자,FGSC.25.20.10,내구소비재,KOSPI,경기소비재
A008730,율촌화학,FGSC.15.10.30,용기 및 포장,KOSPI,소재
A008770,호텔신라,FGSC.25.30.10,호텔 및 레저,KOSPI,경기소비재
A008870,금비,FGSC.15.10.30,용기 및 포장,KOSPI,소재
A008930,한미사이언스,FGSC.35.20.20,제약,KOSPI,의료
A008970,동양철관,FGSC.15.10.40,금속 및 광물,KOSPI,소재
A009070,KCTC,FGSC.20.30.40,육상운수,KOSPI,산업재
A009140,경인전자,FGSC.45.20.30,전자 장비 및 기기,KOSPI,IT
A009150,삼성전기,FGSC.45.20.30,전자 장비 및 기기,KOSPI,IT
A009160,SIMPAC,FGSC.20.10.60,기계,KOSPI,산업재
A009180,한솔로지스틱스,FGSC.20.30.40,육상운수,KOSPI,산업재
A009190,대양금속,FGSC.15.10.40,금속 및 광물,KOSPI,소재
A009200,무림페이퍼,FGSC.15.10.50,종이 및 목재,KOSPI,소재
A009240,한샘,FGSC.25.20.10,내구소비재,KOSPI,경기소비재
A009270,신원,FGSC.25.20.30,섬유 및 의복,KOSPI,경기소비재
A009290,광동제약,FGSC.35.20.20,제약,KOSPI,의료
A009310,참엔지니어링,FGSC.45.40.10,디스플레이 및 관련부품,KOSPI,IT
A009320,대우부품,FGSC.25.10.10,자동차부품,KOSPI,경기소비재
A009410,태영건설,FGSC.20.10.30,건설,KOSPI,산업재
A009420,한올바이오파마,FGSC.35.20.20,제약,KOSPI,의료
A009440,KC그린홀딩스,FGSC.20.20.10,상업서비스,KOSPI,산업재
A009450,경동나비엔,FGSC.25.20.10,내구소비재,KOSPI,경기소비재
A009460,한창제지,FGSC.15.10.50,종이 및 목재,KOSPI,소재
A009470,삼화전기,FGSC.20.10.40,전기장비,KOSPI,산업재
A009540,현대중공업,FGSC.20.10.80,조선,KOSPI,산업재
A009580,무림P&P,FGSC.15.10.50,종이 및 목재,KOSPI,소재
A009680,모토닉,FGSC.25.10.10,자동차부품,KOSPI,경기소비재
A009770,삼정펄프,FGSC.30.30.10,가정생활용품,KOSPI,필수소비재
A009810,엔케이물산,FGSC.15.10.40,금속 및 광물,KOSPI,소재
A009830,한화케미칼,FGSC.15.10.10,화학,KOSPI,소재
A009970,영원무역홀딩스,FGSC.25.20.30,섬유 및 의복,KOSPI,경기소비재
A010040,한국내화,FGSC.15.10.40,금속 및 광물,KOSPI,소재
A010050,우리종금,FGSC.40.20.10,창업투자 및 종금,KOSPI,금융
A010060,OCI,FGSC.10.10.10,에너지 시설 및 서비스,KOSPI,에너지
A010100,한국프랜지,FGSC.25.10.10,자동차부품,KOSPI,경기소비재
A010120,LS산전,FGSC.20.10.40,전기장비,KOSPI,산업재
A010130,고려아연,FGSC.15.10.40,금속 및 광물,KOSPI,소재
A010140,삼성중공업,FGSC.20.10.80,조선,KOSPI,산업재
A010420,한솔PNS,FGSC.15.10.50,종이 및 목재,KOSPI,소재
A010580,지코,FGSC.25.10.10,자동차부품,KOSPI,경기소비재
A010600,와이비로드,FGSC.25.20.30,섬유 및 의복,KOSPI,경기소비재
A010620,현대미포조선,FGSC.20.10.80,조선,KOSPI,산업재
A010640,진양폴리,FGSC.15.10.10,화학,KOSPI,소재
A010660,화천기계,FGSC.20.10.60,기계,KOSPI,산업재
A010690,화신,FGSC.25.10.10,자동차부품,KOSPI,경기소비재
A010770,평화홀딩스,FGSC.25.10.10,자동차부품,KOSPI,경기소비재
A010780,아이에스동서,FGSC.20.10.30,건설,KOSPI,산업재
A010820,퍼스텍,FGSC.20.20.10,상업서비스,KOSPI,산업재
A010950,S-Oil,FGSC.10.10.20,석유 및 가스,KOSPI,에너지
A010960,삼호개발,FGSC.20.10.30,건설,KOSPI,산업재
A011000,진원생명과학,FGSC.35.20.10,바이오,KOSPI,의료
A011070,LG이노텍,FGSC.45.20.30,전자 장비 및 기기,KOSPI,IT
A011090,에넥스,FGSC.25.20.10,내구소비재,KOSPI,경기소비재
A011150,CJ씨푸드,FGSC.30.20.20,식료품,KOSPI,필수소비재
A011160,두산건설,FGSC.20.10.30,건설,KOSPI,산업재
A011170,롯데케미칼,FGSC.15.10.10,화학,KOSPI,소재
A011200,현대상선,FGSC.20.30.30,해상운수,KOSPI,산업재
A011210,현대위아,FGSC.25.10.10,자동차부품,KOSPI,경기소비재
A011230,삼화전자,FGSC.20.10.40,전기장비,KOSPI,산업재
A011280,태림포장,FGSC.15.10.30,용기 및 포장,KOSPI,소재
A011300,성안,FGSC.25.20.30,섬유 및 의복,KOSPI,경기소비재
A011330,유니켐,FGSC.25.20.30,섬유 및 의복,KOSPI,경기소비재
A011390,부산산업,FGSC.15.10.20,건축소재,KOSPI,소재
A011420,갤럭시아에스엠,FGSC.25.40.10,미디어,KOSPI,경기소비재
A011500,한농화성,FGSC.15.10.10,화학,KOSPI,소재
A011690,유양디앤유,FGSC.45.20.30,전자 장비 및 기기,KOSPI,IT
A011700,한신기계,FGSC.20.10.60,기계,KOSPI,산업재
A011760,현대상사,FGSC.20.10.70,무역,KOSPI,산업재
A011780,금호석유,FGSC.15.10.10,화학,KOSPI,소재
A011790,SKC,FGSC.15.10.10,화학,KOSPI,소재
A011810,STX,FGSC.20.10.70,무역,KOSPI,산업재
A011930,신성이엔지,FGSC.10.10.10,에너지 시설 및 서비스,KOSPI,에너지
A012030,동부,FGSC.45.10.20,IT 서비스,KOSPI,IT
A012160,영흥철강,FGSC.15.10.40,금속 및 광물,KOSPI,소재
A012170,키위미디어그룹,FGSC.20.30.30,해상운수,KOSPI,산업재
A012200,계양전기,FGSC.25.10.10,자동차부품,KOSPI,경기소비재
A012280,영화금속,FGSC.25.10.10,자동차부품,KOSPI,경기소비재
A012320,경동인베스트,FGSC.55.10.20,가스,KOSPI,유틸리티
A012330,현대모비스,FGSC.25.10.10,자동차부품,KOSPI,경기소비재
A012450,한화테크윈,FGSC.20.20.10,상업서비스,KOSPI,산업재
A012510,더존비즈온,FGSC.45.10.30,일반 소프트웨어,KOSPI,IT
A012600,청호컴넷,FGSC.45.20.20,컴퓨터 및 주변기기,KOSPI,IT
A012610,경인양행,FGSC.15.10.10,화학,KOSPI,소재
A012630,현대산업,FGSC.20.10.30,건설,KOSPI,산업재
A012690,모나리자,FGSC.30.30.10,가정생활용품,KOSPI,필수소비재
A012750,에스원,FGSC.20.20.10,상업서비스,KOSPI,산업재
A012800,대창,FGSC.15.10.40,금속 및 광물,KOSPI,소재
A013000,세우글로벌,FGSC.15.10.10,화학,KOSPI,소재
A013360,일성건설,FGSC.20.10.30,건설,KOSPI,산업재
A013520,화승알앤에이,FGSC.25.10.10,자동차부품,KOSPI,경기소비재
A013570,디와이,FGSC.20.10.60,기계,KOSPI,산업재
A013580,계룡건설,FGSC.20.10.30,건설,KOSPI,산업재
A013700,까뮤이앤씨,FGSC.20.10.30,건설,KOSPI,산업재
A013870,지엠비코리아,FGSC.25.10.10,자동차부품,KOSPI,경기소비재
A014130,한익스프레스,FGSC.20.30.40,육상운수,KOSPI,산업재
A014160,대영포장,FGSC.15.10.30,용기 및 포장,KOSPI,소재
A014280,금강공업,FGSC.20.10.20,건축자재,KOSPI,산업재
A014440,영보화학,FGSC.15.10.10,화학,KOSPI,소재
A014530,극동유화,FGSC.15.10.10,화학,KOSPI,소재
A014580,백광소재,FGSC.15.10.20,건축소재,KOSPI,소재
A014680,한솔케미칼,FGSC.15.10.10,화학,KOSPI,소재
A014710,사조씨푸드,FGSC.30.20.20,식료품,KOSPI,필수소비재
A014790,한라,FGSC.20.10.30,건설,KOSPI,산업재
A014820,동원시스템즈,FGSC.15.10.30,용기 및 포장,KOSPI,소재
A014830,유니드,FGSC.15.10.10,화학,KOSPI,소재
A014910,성문전자,FGSC.20.10.40,전기장비,KOSPI,산업재
A014990,인디에프,FGSC.25.20.30,섬유 및 의복,KOSPI,경기소비재
A015020,이스타코,FGSC.25.40.10,미디어,KOSPI,경기소비재
A015230,대창단조,FGSC.20.10.60,기계,KOSPI,산업재
A015260,에이엔피,FGSC.25.10.10,자동차부품,KOSPI,경기소비재
A015350,부산가스,FGSC.55.10.20,가스,KOSPI,유틸리티
A015360,예스코,FGSC.55.10.20,가스,KOSPI,유틸리티
A015540,메디플란트,FGSC.25.50.10,도소매,KOSPI,경기소비재
A015590,대경기계,FGSC.20.10.60,기계,KOSPI,산업재
A015760,한국전력,FGSC.55.10.10,전력,KOSPI,유틸리티
A015860,일진홀딩스,FGSC.20.10.40,전기장비,KOSPI,산업재
A015890,태경산업,FGSC.20.10.50,복합 산업,KOSPI,산업재
A016090,대현,FGSC.25.20.30,섬유 및 의복,KOSPI,경기소비재
A016360,삼성증권,FGSC.40.50.10,증권,KOSPI,금융
A016380,동부제철,FGSC.15.10.40,금속 및 광물,KOSPI,소재
A016450,한세예스24홀딩스,FGSC.25.20.30,섬유 및 의복,KOSPI,경기소비재
A016580,환인제약,FGSC.35.20.20,제약,KOSPI,의료
A016590,신대양제지,FGSC.15.10.50,종이 및 목재,KOSPI,소재
A016610,동부증권,FGSC.40.50.10,증권,KOSPI,금융
A016710,대성홀딩스,FGSC.55.10.20,가스,KOSPI,유틸리티
A016740,두올,FGSC.25.10.10,자동차부품,KOSPI,경기소비재
A016800,퍼시스,FGSC.25.20.10,내구소비재,KOSPI,경기소비재
A016880,웅진,FGSC.20.10.50,복합 산업,KOSPI,산업재
A017040,광명전기,FGSC.20.10.40,전기장비,KOSPI,산업재
A017180,명문제약,FGSC.35.20.20,제약,KOSPI,의료
A017370,우신시스템,FGSC.25.10.10,자동차부품,KOSPI,경기소비재
A017390,서울가스,FGSC.55.10.20,가스,KOSPI,유틸리티
A017550,수산중공업,FGSC.20.10.60,기계,KOSPI,산업재
A017670,SK텔레콤,FGSC.50.10.20,무선통신,KOSPI,통신서비스
A017800,현대엘리베이,FGSC.20.10.60,기계,KOSPI,산업재
A017810,풀무원,FGSC.30.20.20,식료품,KOSPI,필수소비재
A017900,광전자,FGSC.45.20.30,전자 장비 및 기기,KOSPI,IT
A017940,E1,FGSC.10.10.20,석유 및 가스,KOSPI,에너지
A017960,한국카본,FGSC.15.10.10,화학,KOSPI,소재
A018260,삼성에스디에스,FGSC.45.10.20,IT 서비스,KOSPI,IT
A018470,조일알미늄,FGSC.15.10.40,금속 및 광물,KOSPI,소재
A018500,동원금속,FGSC.25.10.10,자동차부품,KOSPI,경기소비재
A018670,SK가스,FGSC.10.10.20,석유 및 가스,KOSPI,에너지
A018880,한온시스템,FGSC.25.10.10,자동차부품,KOSPI,경기소비재
A019170,신풍제약,FGSC.35.20.20,제약,KOSPI,의료
A019180,티에이치엔,FGSC.25.10.10,자동차부품,KOSPI,경기소비재
A019440,세아특수강,FGSC.15.10.40,금속 및 광물,KOSPI,소재
A019490,하이트론,FGSC.45.20.70,보안장비,KOSPI,IT
A019680,대교,FGSC.25.30.20,교육,KOSPI,경기소비재
A020000,한섬,FGSC.25.20.30,섬유 및 의복,KOSPI,경기소비재
A020120,다우인큐브,FGSC.45.30.10,반도체 및 관련장비,KOSPI,IT
A020150,일진머티리얼즈,FGSC.45.20.30,전자 장비 및 기기,KOSPI,IT
A020560,아시아나항공,FGSC.20.30.20,항공운수,KOSPI,산업재
A020760,일진디스플,FGSC.45.40.10,디스플레이 및 관련부품,KOSPI,IT
A021050,서원,FGSC.15.10.40,금속 및 광물,KOSPI,소재
A021240,코웨이,FGSC.25.20.10,내구소비재,KOSPI,경기소비재
A021820,세원정공,FGSC.25.10.10,자동차부품,KOSPI,경기소비재
A023000,삼원강재,FGSC.25.10.10,자동차부품,KOSPI,경기소비재
A023150,MH에탄올,FGSC.30.20.10,음료,KOSPI,필수소비재
A023350,한국종합기술,FGSC.20.10.30,건설,KOSPI,산업재
A023450,동남합성,FGSC.15.10.10,화학,KOSPI,소재
A023530,롯데쇼핑,FGSC.25.50.30,백화점,KOSPI,경기소비재
A023590,다우기술,FGSC.40.50.10,증권,KOSPI,금융
A023800,인지컨트롤스,FGSC.25.10.10,자동차부품,KOSPI,경기소비재
A023810,인팩,FGSC.25.10.10,자동차부품,KOSPI,경기소비재
A023960,에쓰씨엔지니어링,FGSC.20.10.30,건설,KOSPI,산업재
A024070,WISCOM,FGSC.15.10.10,화학,KOSPI,소재
A024090,디씨엠,FGSC.15.10.40,금속 및 광물,KOSPI,소재
A024110,기업은행,FGSC.40.10.10,상업은행,KOSPI,금융
A024720,한국콜마홀딩스,FGSC.30.30.20,개인생활용품,KOSPI,필수소비재
A024890,대원화성,FGSC.25.20.30,섬유 및 의복,KOSPI,경기소비재
A024900,덕양산업,FGSC.25.10.10,자동차부품,KOSPI,경기소비재
A025000,KPX케미칼,FGSC.15.10.10,화학,KOSPI,소재
A025530,SJM홀딩스,FGSC.25.10.10,자동차부품,KOSPI,경기소비재
A025540,한국단자,FGSC.25.10.10,자동차부품,KOSPI,경기소비재
A025560,미래산업,FGSC.45.30.10,반도체 및 관련장비,KOSPI,IT
A025620,제이준코스메틱,FGSC.30.30.20,개인생활용품,KOSPI,필수소비재
A025750,한솔홈데코,FGSC.15.10.50,종이 및 목재,KOSPI,소재
A025820,이구산업,FGSC.15.10.40,금속 및 광물,KOSPI,소재
A025860,남해화학,FGSC.15.10.10,화학,KOSPI,소재
A025890,한국주강,FGSC.15.10.40,금속 및 광물,KOSPI,소재
A026890,디피씨,FGSC.25.20.10,내구소비재,KOSPI,경기소비재
A026940,부국철강,FGSC.15.10.40,금속 및 광물,KOSPI,소재
A026960,동서,FGSC.30.20.20,식료품,KOSPI,필수소비재
A027390,한화갤러리아타임월드,FGSC.25.50.30,백화점,KOSPI,경기소비재
A027410,BGF리테일,FGSC.25.50.10,도소매,KOSPI,경기소비재
A027740,마니커,FGSC.30.20.20,식료품,KOSPI,필수소비재
A027970,세하,FGSC.15.10.50,종이 및 목재,KOSPI,소재
A028050,삼성엔지니어링,FGSC.20.10.30,건설,KOSPI,산업재
A028100,동아지질,FGSC.20.10.30,건설,KOSPI,산업재
A028260,삼성물산,FGSC.20.10.50,복합 산업,KOSPI,산업재
A028670,팬오션,FGSC.20.30.30,해상운수,KOSPI,산업재
A029460,케이씨텍,FGSC.45.30.10,반도체 및 관련장비,KOSPI,IT
A029530,신도리코,FGSC.45.20.40,사무기기,KOSPI,IT
A029780,삼성카드,FGSC.40.20.20,소비자 금융,KOSPI,금융
A030000,제일기획,FGSC.25.40.10,미디어,KOSPI,경기소비재
A030200,KT,FGSC.50.10.20,무선통신,KOSPI,통신서비스
A030210,KTB투자증권,FGSC.40.50.10,증권,KOSPI,금융
A030610,교보증권,FGSC.40.50.10,증권,KOSPI,금융
A030720,동원수산,FGSC.30.20.20,식료품,KOSPI,필수소비재
A030790,동양네트웍스,FGSC.45.10.20,IT 서비스,KOSPI,IT
A031430,신세계인터내셔날,FGSC.25.20.30,섬유 및 의복,KOSPI,경기소비재
A031440,신세계푸드,FGSC.30.20.20,식료품,KOSPI,필수소비재
A031820,콤텍시스템,FGSC.45.20.10,통신장비,KOSPI,IT
A032350,롯데관광개발,FGSC.25.30.10,호텔 및 레저,KOSPI,경기소비재
A032560,황금에스티,FGSC.15.10.40,금속 및 광물,KOSPI,소재
A032640,LG유플러스,FGSC.50.10.20,무선통신,KOSPI,통신서비스
A032830,삼성생명,FGSC.40.30.10,보험,KOSPI,금융
A033180,필룩스,FGSC.30.30.10,가정생활용품,KOSPI,필수소비재
A033240,자화전자,FGSC.45.20.30,전자 장비 및 기기,KOSPI,IT
A033250,체시스,FGSC.25.10.10,자동차부품,KOSPI,경기소비재
A033270,유나이티드제약,FGSC.35.20.20,제약,KOSPI,의료
A033530,세종공업,FGSC.25.10.10,자동차부품,KOSPI,경기소비재
A033660,아주캐피탈,FGSC.40.20.20,소비자 금융,KOSPI,금융
A033780,KT&G,FGSC.30.20.30,담배,KOSPI,필수소비재
A033920,무학,FGSC.30.20.10,음료,KOSPI,필수소비재
A034020,두산중공업,FGSC.20.10.60,기계,KOSPI,산업재
A034120,SBS,FGSC.25.40.10,미디어,KOSPI,경기소비재
A034220,LG디스플레이,FGSC.45.40.10,디스플레이 및 관련부품,KOSPI,IT
A034300,신세계건설,FGSC.20.10.30,건설,KOSPI,산업재
A034310,NICE,FGSC.20.20.10,상업서비스,KOSPI,산업재
A034590,인천도시가스,FGSC.55.10.20,가스,KOSPI,유틸리티
A034730,SK,FGSC.10.10.20,석유 및 가스,KOSPI,에너지
A034830,한국토지신탁,FGSC.40.40.10,부동산,KOSPI,금융
A035000,지투알,FGSC.25.40.10,미디어,KOSPI,경기소비재
A035150,백산,FGSC.25.20.30,섬유 및 의복,KOSPI,경기소비재
A035250,강원랜드,FGSC.25.30.10,호텔 및 레저,KOSPI,경기소비재
A035420,NAVER,FGSC.45.10.10,인터넷 서비스,KOSPI,IT
A035510,신세계 I&C,FGSC.45.10.20,IT 서비스,KOSPI,IT
A035720,카카오,FGSC.45.10.10,인터넷 서비스,KOSPI,IT
A036460,한국가스공사,FGSC.55.10.20,가스,KOSPI,유틸리티
A036530,S&T홀딩스,FGSC.25.10.10,자동차부품,KOSPI,경기소비재
A036570,엔씨소프트,FGSC.45.10.40,게임 소프트웨어,KOSPI,IT
A036580,팜스코,FGSC.30.20.20,식료품,KOSPI,필수소비재
A037270,YG PLUS,FGSC.25.40.10,미디어,KOSPI,경기소비재
A037560,CJ헬로비전,FGSC.25.40.10,미디어,KOSPI,경기소비재
A037710,광주신세계,FGSC.25.50.30,백화점,KOSPI,경기소비재
A039130,하나투어,FGSC.25.30.10,호텔 및 레저,KOSPI,경기소비재
A039490,키움증권,FGSC.40.50.10,증권,KOSPI,금융
A039570,아이콘트롤스,FGSC.20.10.30,건설,KOSPI,산업재
A041650,상신브레이크,FGSC.25.10.10,자동차부품,KOSPI,경기소비재
A042660,대우조선해양,FGSC.20.10.80,조선,KOSPI,산업재
A042670,두산인프라코어,FGSC.20.10.60,기계,KOSPI,산업재
A042700,한미반도체,FGSC.45.30.10,반도체 및 관련장비,KOSPI,IT
A044380,주연테크,FGSC.45.20.20,컴퓨터 및 주변기기,KOSPI,IT
A044450,KSS해운,FGSC.20.30.30,해상운수,KOSPI,산업재
A044820,코스맥스비티아이,FGSC.30.20.20,식료품,KOSPI,필수소비재
A047040,대우건설,FGSC.20.10.30,건설,KOSPI,산업재
A047050,포스코대우,FGSC.20.10.70,무역,KOSPI,산업재
A047400,쌍용머티리얼,FGSC.25.10.10,자동차부품,KOSPI,경기소비재
A047810,한국항공우주,FGSC.20.20.10,상업서비스,KOSPI,산업재
A049770,동원F&B,FGSC.30.20.20,식료품,KOSPI,필수소비재
A049800,우진플라임,FGSC.20.10.60,기계,KOSPI,산업재
A051600,한전KPS,FGSC.55.10.10,전력,KOSPI,유틸리티
A051630,진양화학,FGSC.15.10.10,화학,KOSPI,소재
A051900,LG생활건강,FGSC.30.30.10,가정생활용품,KOSPI,필수소비재
A051910,LG화학,FGSC.15.10.10,화학,KOSPI,소재
A052690,한전기술,FGSC.10.10.10,에너지 시설 및 서비스,KOSPI,에너지
A053210,스카이라이프,FGSC.25.40.10,미디어,KOSPI,경기소비재
A053690,한미글로벌,FGSC.20.10.30,건설,KOSPI,산업재
A055550,신한지주,FGSC.40.10.10,상업은행,KOSPI,금융
A057050,현대홈쇼핑,FGSC.25.50.20,온라인쇼핑,KOSPI,경기소비재
A058430,포스코강판,FGSC.15.10.40,금속 및 광물,KOSPI,소재
A058650,세아홀딩스,FGSC.15.10.40,금속 및 광물,KOSPI,소재
A058730,동아에스텍,FGSC.20.30.50,운송인프라,KOSPI,산업재
A058850,KTcs,FGSC.20.20.10,상업서비스,KOSPI,산업재
A058860,케이티스,FGSC.20.20.10,상업서비스,KOSPI,산업재
A060980,한라홀딩스,FGSC.25.10.10,자동차부품,KOSPI,경기소비재
A063160,종근당바이오,FGSC.35.20.20,제약,KOSPI,의료
A064350,현대로템,FGSC.20.30.50,운송인프라,KOSPI,산업재
A064960,S&T모티브,FGSC.25.10.10,자동차부품,KOSPI,경기소비재
A066570,LG전자,FGSC.25.20.10,내구소비재,KOSPI,경기소비재
A067830,세이브존I&C,FGSC.25.50.30,백화점,KOSPI,경기소비재
A068290,삼성출판사,FGSC.25.20.20,레저용품,KOSPI,경기소비재
A068400,AJ렌터카,FGSC.25.30.10,호텔 및 레저,KOSPI,경기소비재
A069260,휴켐스,FGSC.15.10.10,화학,KOSPI,소재
A069460,대호에이엘,FGSC.15.10.40,금속 및 광물,KOSPI,소재
A069620,대웅제약,FGSC.35.20.20,제약,KOSPI,의료
A069640,엠케이트렌드,FGSC.25.20.30,섬유 및 의복,KOSPI,경기소비재
A069730,DSR제강,FGSC.15.10.40,금속 및 광물,KOSPI,소재
A069960,현대백화점,FGSC.25.50.30,백화점,KOSPI,경기소비재
A070960,용평리조트,FGSC.25.30.10,호텔 및 레저,KOSPI,경기소비재
A071050,한국금융지주,FGSC.40.50.10,증권,KOSPI,금융
A071090,하이스틸,FGSC.15.10.40,금속 및 광물,KOSPI,소재
A071320,지역난방공사,FGSC.55.10.10,전력,KOSPI,유틸리티
A071840,롯데하이마트,FGSC.25.50.10,도소매,KOSPI,경기소비재
A071950,코아스,FGSC.25.20.10,내구소비재,KOSPI,경기소비재
A071970,STX중공업,FGSC.20.10.80,조선,KOSPI,산업재
A072130,유엔젤,FGSC.45.10.20,IT 서비스,KOSPI,IT
A072710,농심홀딩스,FGSC.30.20.20,식료품,KOSPI,필수소비재
A073240,금호타이어,FGSC.25.10.10,자동차부품,KOSPI,경기소비재
A074610,이엔쓰리,FGSC.20.10.60,기계,KOSPI,산업재
A075180,새론오토모티브,FGSC.25.10.10,자동차부품,KOSPI,경기소비재
A075580,세진중공업,FGSC.20.10.80,조선,KOSPI,산업재
A077500,유니퀘스트,FGSC.45.30.10,반도체 및 관련장비,KOSPI,IT
A077970,STX엔진,FGSC.20.10.80,조선,KOSPI,산업재
A078000,텔코웨어,FGSC.45.10.30,일반 소프트웨어,KOSPI,IT
A078520,에이블씨엔씨,FGSC.30.30.20,개인생활용품,KOSPI,필수소비재
A078930,GS,FGSC.10.10.20,석유 및 가스,KOSPI,에너지
A079160,CJ CGV,FGSC.25.40.10,미디어,KOSPI,경기소비재
A079430,현대리바트,FGSC.25.20.10,내구소비재,KOSPI,경기소비재
A079440,아이엔지생명,FGSC.40.30.10,보험,KOSPI,금융
A079550,LIG넥스원,FGSC.20.20.10,상업서비스,KOSPI,산업재
A079660,사조해표,FGSC.30.20.20,식료품,KOSPI,필수소비재
A079980,휴비스,FGSC.15.10.10,화학,KOSPI,소재
A081000,일진다이아,FGSC.15.10.40,금속 및 광물,KOSPI,소재
A081660,휠라코리아,FGSC.25.20.30,섬유 및 의복,KOSPI,경기소비재
A082640,동양생명,FGSC.40.30.10,보험,KOSPI,금융
A082740,두산엔진,FGSC.20.10.80,조선,KOSPI,산업재
A083420,KPX그린케미칼,FGSC.15.10.10,화학,KOSPI,소재
A084010,대한제강,FGSC.15.10.40,금속 및 광물,KOSPI,소재
A084670,동양고속,FGSC.20.30.40,육상운수,KOSPI,산업재
A084680,이월드,FGSC.25.30.10,호텔 및 레저,KOSPI,경기소비재
A084690,대상홀딩스,FGSC.20.10.50,복합 산업,KOSPI,산업재
A084870,TBH글로벌,FGSC.25.20.30,섬유 및 의복,KOSPI,경기소비재
A085310,엔케이,FGSC.20.10.80,조선,KOSPI,산업재
A085620,미래에셋생명,FGSC.40.30.10,보험,KOSPI,금융
A086280,현대글로비스,FGSC.20.30.40,육상운수,KOSPI,산업재
A086790,하나금융지주,FGSC.40.10.10,상업은행,KOSPI,금융
A088350,한화생명,FGSC.40.30.10,보험,KOSPI,금융
A088790,진도,FGSC.25.20.30,섬유 및 의복,KOSPI,경기소비재
A089470,현대EP,FGSC.25.10.10,자동차부품,KOSPI,경기소비재
A089590,제주항공,FGSC.20.30.20,항공운수,KOSPI,산업재
A090080,평화산업,FGSC.25.10.10,자동차부품,KOSPI,경기소비재
A090350,노루페인트,FGSC.20.10.20,건축자재,KOSPI,산업재
A090370,아비스타,FGSC.25.20.30,섬유 및 의복,KOSPI,경기소비재
A090430,아모레퍼시픽,FGSC.30.30.20,개인생활용품,KOSPI,필수소비재
A091090,세원셀론텍,FGSC.10.10.10,에너지 시설 및 서비스,KOSPI,에너지
A092200,디아이씨,FGSC.25.10.10,자동차부품,KOSPI,경기소비재
A092220,KEC,FGSC.45.30.10,반도체 및 관련장비,KOSPI,IT
A092230,KPX홀딩스,FGSC.15.10.10,화학,KOSPI,소재
A092440,기신정기,FGSC.20.10.60,기계,KOSPI,산업재
A093050,LF,FGSC.25.20.30,섬유 및 의복,KOSPI,경기소비재
A093230,이아이디,FGSC.10.10.20,석유 및 가스,KOSPI,에너지
A093240,형지엘리트,FGSC.25.20.30,섬유 및 의복,KOSPI,경기소비재
A093370,후성,FGSC.15.10.10,화학,KOSPI,소재
A094280,효성ITX,FGSC.20.20.10,상업서비스,KOSPI,산업재
A095570,AJ네트웍스,FGSC.25.30.10,호텔 및 레저,KOSPI,경기소비재
A095720,웅진씽크빅,FGSC.25.30.20,교육,KOSPI,경기소비재
A096760,JW홀딩스,FGSC.35.20.20,제약,KOSPI,의료
A096770,SK이노베이션,FGSC.10.10.20,석유 및 가스,KOSPI,에너지
A097230,한진중공업,FGSC.20.10.80,조선,KOSPI,산업재
A097950,CJ제일제당,FGSC.30.20.20,식료품,KOSPI,필수소비재
A100220,비상교육,FGSC.25.30.20,교육,KOSPI,경기소비재
A100250,진양홀딩스,FGSC.25.10.10,자동차부품,KOSPI,경기소비재
A100840,S&TC,FGSC.10.10.10,에너지 시설 및 서비스,KOSPI,에너지
A101060,SBS미디어홀딩스,FGSC.25.40.10,미디어,KOSPI,경기소비재
A101140,아티스,FGSC.10.10.10,에너지 시설 및 서비스,KOSPI,에너지
A101530,해태제과식품,FGSC.30.20.20,식료품,KOSPI,필수소비재
A102260,동성코퍼레이션,FGSC.15.10.10,화학,KOSPI,소재
A102280,쌍방울,FGSC.25.20.30,섬유 및 의복,KOSPI,경기소비재
A102460,이연제약,FGSC.35.20.20,제약,KOSPI,의료
A103130,웅진에너지,FGSC.10.10.10,에너지 시설 및 서비스,KOSPI,에너지
A103140,풍산,FGSC.15.10.40,금속 및 광물,KOSPI,소재
A103590,일진전기,FGSC.20.10.40,전기장비,KOSPI,산업재
A104700,한국철강,FGSC.15.10.40,금속 및 광물,KOSPI,소재
A105560,KB금융,FGSC.40.10.10,상업은행,KOSPI,금융
A105630,한세실업,FGSC.25.20.30,섬유 및 의복,KOSPI,경기소비재
A105840,우진,FGSC.20.10.60,기계,KOSPI,산업재
A107590,미원홀딩스,FGSC.15.10.10,화학,KOSPI,소재
A108670,LG하우시스,FGSC.20.10.20,건축자재,KOSPI,산업재
A109070,KGP,FGSC.15.10.50,종이 및 목재,KOSPI,소재
A111110,호전실업,FGSC.25.20.30,섬유 및 의복,KOSPI,경기소비재
A111770,영원무역,FGSC.25.20.30,섬유 및 의복,KOSPI,경기소비재
A112610,씨에스윈드,FGSC.10.10.10,에너지 시설 및 서비스,KOSPI,에너지
A114090,GKL,FGSC.25.30.10,호텔 및 레저,KOSPI,경기소비재
A115390,락앤락,FGSC.15.10.30,용기 및 포장,KOSPI,소재
A117580,대성에너지,FGSC.55.10.20,가스,KOSPI,유틸리티
A118000,우리들휴브레인,FGSC.35.10.10,의료 장비 및 서비스,KOSPI,의료
A119650,KC코트렐,FGSC.20.20.10,상업서비스,KOSPI,산업재
A120030,조선선재,FGSC.15.10.40,금속 및 광물,KOSPI,소재
A120110,코오롱인더,FGSC.15.10.10,화학,KOSPI,소재
A122900,아이마켓코리아,FGSC.20.20.10,상업서비스,KOSPI,산업재
A123690,한국화장품,FGSC.30.30.20,개인생활용품,KOSPI,필수소비재
A123700,SJM,FGSC.25.10.10,자동차부품,KOSPI,경기소비재
A123890,한국자산신탁,FGSC.40.40.10,부동산,KOSPI,금융
A126560,현대에이치씨엔,FGSC.25.40.10,미디어,KOSPI,경기소비재
A128820,대성산업,FGSC.10.10.20,석유 및 가스,KOSPI,에너지
A128940,한미약품,FGSC.35.20.20,제약,KOSPI,의료
A129260,인터지스,FGSC.20.30.30,해상운수,KOSPI,산업재
A130660,한전산업,FGSC.10.10.10,에너지 시설 및 서비스,KOSPI,에너지
A133820,화인베스틸,FGSC.15.10.40,금속 및 광물,KOSPI,소재
A134380,미원화학,FGSC.15.10.10,화학,KOSPI,소재
A134790,팀스,FGSC.25.20.10,내구소비재,KOSPI,경기소비재
A136490,선진,FGSC.30.20.20,식료품,KOSPI,필수소비재
A138040,메리츠금융지주,FGSC.40.30.10,보험,KOSPI,금융
A138250,엔에스쇼핑,FGSC.25.50.20,온라인쇼핑,KOSPI,경기소비재
A138490,코오롱플라스틱,FGSC.15.10.10,화학,KOSPI,소재
A138930,BNK금융지주,FGSC.40.10.10,상업은행,KOSPI,금융
A139130,DGB금융지주,FGSC.40.10.10,상업은행,KOSPI,금융
A139480,이마트,FGSC.25.50.10,도소매,KOSPI,경기소비재
A143210,핸즈코퍼레이션,FGSC.25.10.10,자동차부품,KOSPI,경기소비재
A144620,코오롱머티리얼,FGSC.15.10.10,화학,KOSPI,소재
A145210,세화아이엠씨,FGSC.25.10.10,자동차부품,KOSPI,경기소비재
A145720,덴티움,FGSC.35.10.10,의료 장비 및 서비스,KOSPI,의료
A145990,삼양사,FGSC.30.20.20,식료품,KOSPI,필수소비재
A152330,코리아오토글라스,FGSC.25.10.10,자동차부품,KOSPI,경기소비재
A155660,DSR,FGSC.15.10.40,금속 및 광물,KOSPI,소재
A161000,애경유화,FGSC.15.10.10,화학,KOSPI,소재
A161390,한국타이어,FGSC.25.10.10,자동차부품,KOSPI,경기소비재
A161890,한국콜마,FGSC.30.30.20,개인생활용품,KOSPI,필수소비재
A163560,동일고무벨트,FGSC.25.10.10,자동차부품,KOSPI,경기소비재
A170900,동아에스티,FGSC.35.20.20,제약,KOSPI,의료
A175330,JB금융지주,FGSC.40.10.10,상업은행,KOSPI,금융
A180640,한진칼,FGSC.20.30.20,항공운수,KOSPI,산업재
A181710,NHN엔터테인먼트,FGSC.45.10.40,게임 소프트웨어,KOSPI,IT
A183190,아세아시멘트,FGSC.15.10.20,건축소재,KOSPI,소재
A185750,종근당,FGSC.35.20.20,제약,KOSPI,의료
A192400,쿠쿠전자,FGSC.25.20.10,내구소비재,KOSPI,경기소비재
A192530,광주은행,FGSC.40.10.10,상업은행,KOSPI,금융
A192820,코스맥스,FGSC.30.30.20,개인생활용품,KOSPI,필수소비재
A194370,제이에스코퍼레이션,FGSC.25.20.30,섬유 및 의복,KOSPI,경기소비재
A195870,해성디에스,FGSC.45.30.10,반도체 및 관련장비,KOSPI,IT
A200880,서연이화,FGSC.25.10.10,자동차부품,KOSPI,경기소비재
A204320,만도,FGSC.25.10.10,자동차부품,KOSPI,경기소비재
A207940,삼성바이오로직스,FGSC.35.20.10,바이오,KOSPI,의료
A210540,디와이파워,FGSC.25.10.10,자동차부품,KOSPI,경기소비재
A210980,SK디앤디,FGSC.40.40.10,부동산,KOSPI,금융
A213500,한솔제지,FGSC.15.10.50,종이 및 목재,KOSPI,소재
A214320,이노션,FGSC.25.40.10,미디어,KOSPI,경기소비재
A214330,금호에이치티,FGSC.25.10.10,자동차부품,KOSPI,경기소비재
A214390,경보제약,FGSC.35.20.20,제약,KOSPI,의료
A214420,토니모리,FGSC.30.30.20,개인생활용품,KOSPI,필수소비재
A226320,잇츠한불,FGSC.30.30.20,개인생활용품,KOSPI,필수소비재
A227840,현대코퍼레이션홀딩스,FGSC.30.20.20,식료품,KOSPI,필수소비재
A229640,LS전선아시아,FGSC.20.10.40,전기장비,KOSPI,산업재
A234080,JW생명과학,FGSC.35.20.20,제약,KOSPI,의료
A241560,두산밥캣,FGSC.20.10.60,기계,KOSPI,산업재
A241590,화승엔터프라이즈,FGSC.25.20.30,섬유 및 의복,KOSPI,경기소비재
A248170,샘표식품,FGSC.30.20.20,식료품,KOSPI,필수소비재
A249420,일동제약,FGSC.35.20.20,제약,KOSPI,의료
A251270,넷마블게임즈,FGSC.45.10.40,게임 소프트웨어,KOSPI,IT
A264900,크라운제과,FGSC.30.20.20,식료품,KOSPI,필수소비재
A267250,현대로보틱스,FGSC.20.10.80,조선,KOSPI,산업재
A267260,현대일렉트릭,FGSC.20.10.40,전기장비,KOSPI,산업재
A267270,현대건설기계,FGSC.20.10.60,기계,KOSPI,산업재
A267290,경동도시가스,FGSC.55.10.20,가스,KOSPI,유틸리티
A268280,미원에스씨,FGSC.15.10.10,화학,KOSPI,소재
A271560,오리온,FGSC.30.20.20,식료품,KOSPI,필수소비재
A271980,제일약품,FGSC.35.20.20,제약,KOSPI,의료
A900050,중국원양자원,FGSC.30.20.20,식료품,KOSPI,필수소비재
A900140,코라오홀딩스,FGSC.25.10.20,자동차,KOSPI,경기소비재
A000250,삼천당제약,FGSC.35.20.20,제약,KOSDAQ,의료
A000440,중앙에너비스,FGSC.10.10.20,석유 및 가스,KOSDAQ,에너지
A001000,신라섬유,FGSC.40.40.10,부동산,KOSDAQ,금융
A001540,안국약품,FGSC.35.20.20,제약,KOSDAQ,의료
A001810,무림SP,FGSC.15.10.50,종이 및 목재,KOSDAQ,소재
A001840,이화공영,FGSC.20.10.30,건설,KOSDAQ,산업재
A002230,피에스텍,FGSC.20.10.40,전기장비,KOSDAQ,산업재
A002290,삼일기업공사,FGSC.20.10.30,건설,KOSDAQ,산업재
A002680,한탑,FGSC.30.20.20,식료품,KOSDAQ,필수소비재
A002800,신신제약,FGSC.35.20.20,제약,KOSDAQ,의료
A003100,선광,FGSC.20.30.50,운송인프라,KOSDAQ,산업재
A003310,대주산업,FGSC.30.20.20,식료품,KOSDAQ,필수소비재
A003380,제일홀딩스,FGSC.30.20.20,식료품,KOSDAQ,필수소비재
A003670,포스코켐텍,FGSC.15.10.40,금속 및 광물,KOSDAQ,소재
A003800,에이스침대,FGSC.25.20.10,내구소비재,KOSDAQ,경기소비재
A004590,한국가구,FGSC.25.20.10,내구소비재,KOSDAQ,경기소비재
A004650,창해에탄올,FGSC.30.20.10,음료,KOSDAQ,필수소비재
A004780,대륙제관,FGSC.15.10.30,용기 및 포장,KOSDAQ,소재
A005160,동국산업,FGSC.15.10.40,금속 및 광물,KOSDAQ,소재
A005290,동진쎄미켐,FGSC.45.30.10,반도체 및 관련장비,KOSDAQ,IT
A005670,푸드웰,FGSC.30.20.20,식료품,KOSDAQ,필수소비재
A005710,대원산업,FGSC.25.10.10,자동차부품,KOSDAQ,경기소비재
A005860,한일사료,FGSC.30.20.20,식료품,KOSDAQ,필수소비재
A005990,매일홀딩스,FGSC.30.20.20,식료품,KOSDAQ,필수소비재
A006050,국영지앤엠,FGSC.20.10.20,건축자재,KOSDAQ,산업재
A006140,피제이전자,FGSC.35.10.10,의료 장비 및 서비스,KOSDAQ,의료
A006580,대양제지,FGSC.15.10.50,종이 및 목재,KOSDAQ,소재
A006730,서부T&D,FGSC.20.30.50,운송인프라,KOSDAQ,산업재
A006910,보성파워텍,FGSC.20.10.40,전기장비,KOSDAQ,산업재
A006920,모헨즈,FGSC.15.10.20,건축소재,KOSDAQ,소재
A007330,푸른저축은행,FGSC.40.10.20,상호저축은행,KOSDAQ,금융
A007370,진양제약,FGSC.35.20.20,제약,KOSDAQ,의료
A007390,네이처셀,FGSC.30.20.10,음료,KOSDAQ,필수소비재
A007530,영신금속,FGSC.25.10.10,자동차부품,KOSDAQ,경기소비재
A007720,대명코퍼레이션,FGSC.25.50.10,도소매,KOSDAQ,경기소비재
A007770,한일화학,FGSC.15.10.10,화학,KOSDAQ,소재
A007820,에스엠코어,FGSC.20.10.60,기계,KOSDAQ,산업재
A008290,원풍물산,FGSC.25.20.30,섬유 및 의복,KOSDAQ,경기소비재
A008370,원풍,FGSC.15.10.10,화학,KOSDAQ,소재
A008470,부스타,FGSC.20.10.60,기계,KOSDAQ,산업재
A008800,행남생활건강,FGSC.25.20.10,내구소비재,KOSDAQ,경기소비재
A008830,대동기어,FGSC.20.10.60,기계,KOSDAQ,산업재
A009300,삼아제약,FGSC.35.20.20,제약,KOSDAQ,의료
A009520,포스코엠텍,FGSC.15.10.40,금속 및 광물,KOSDAQ,소재
A009620,삼보산업,FGSC.15.10.40,금속 및 광물,KOSDAQ,소재
A009730,코센,FGSC.15.10.40,금속 및 광물,KOSDAQ,소재
A009780,엠에스씨,FGSC.30.20.20,식료품,KOSDAQ,필수소비재
A010170,대한광통신,FGSC.45.20.10,통신장비,KOSDAQ,IT
A010240,흥국,FGSC.20.10.60,기계,KOSDAQ,산업재
A010280,쌍용정보통신,FGSC.45.10.20,IT 서비스,KOSDAQ,IT
A010470,오리콤,FGSC.25.40.10,미디어,KOSDAQ,경기소비재
A011040,경동제약,FGSC.35.20.20,제약,KOSDAQ,의료
A011080,형지I&C,FGSC.25.20.30,섬유 및 의복,KOSDAQ,경기소비재
A011320,유니크,FGSC.25.10.10,자동차부품,KOSDAQ,경기소비재
A011370,서한,FGSC.20.10.30,건설,KOSDAQ,산업재
A011560,세보엠이씨,FGSC.20.10.30,건설,KOSDAQ,산업재
A012340,뉴인텍,FGSC.20.10.40,전기장비,KOSDAQ,산업재
A012620,원일특강,FGSC.15.10.40,금속 및 광물,KOSDAQ,소재
A012700,리드코프,FGSC.10.10.20,석유 및 가스,KOSDAQ,에너지
A012790,신일제약,FGSC.35.20.20,제약,KOSDAQ,의료
A012860,서연전자,FGSC.25.10.10,자동차부품,KOSDAQ,경기소비재
A013030,하이록코리아,FGSC.20.10.60,기계,KOSDAQ,산업재
A013120,동원개발,FGSC.20.10.30,건설,KOSDAQ,산업재
A013310,아진산업,FGSC.25.10.10,자동차부품,KOSDAQ,경기소비재
A013720,청보산업,FGSC.25.10.10,자동차부품,KOSDAQ,경기소비재
A013810,스페코,FGSC.20.10.20,건축자재,KOSDAQ,산업재
A013990,아가방컴퍼니,FGSC.25.20.30,섬유 및 의복,KOSDAQ,경기소비재
A014100,보령메디앙스,FGSC.30.30.20,개인생활용품,KOSDAQ,필수소비재
A014190,원익큐브,FGSC.15.10.10,화학,KOSDAQ,소재
A014200,광림,FGSC.20.10.60,기계,KOSDAQ,산업재
A014470,부방,FGSC.25.50.10,도소매,KOSDAQ,경기소비재
A014570,고려제약,FGSC.35.20.20,제약,KOSDAQ,의료
A014620,성광벤드,FGSC.20.10.60,기계,KOSDAQ,산업재
A014940,오리엔탈정공,FGSC.20.10.80,조선,KOSDAQ,산업재
A014970,삼륭물산,FGSC.15.10.30,용기 및 포장,KOSDAQ,소재
A015710,코콤,FGSC.45.20.70,보안장비,KOSDAQ,IT
A015750,성우하이텍,FGSC.25.10.10,자동차부품,KOSDAQ,경기소비재
A016100,리더스코스메틱,FGSC.30.30.20,개인생활용품,KOSDAQ,필수소비재
A016170,로엔,FGSC.25.40.10,미디어,KOSDAQ,경기소비재
A016250,이테크건설,FGSC.20.10.30,건설,KOSDAQ,산업재
A016600,큐캐피탈,FGSC.40.20.10,창업투자 및 종금,KOSDAQ,금융
A016670,포비스티앤씨,FGSC.45.10.30,일반 소프트웨어,KOSDAQ,IT
A016920,카스,FGSC.20.10.60,기계,KOSDAQ,산업재
A017000,신원종합개발,FGSC.20.10.30,건설,KOSDAQ,산업재
A017250,인터엠,FGSC.45.20.30,전자 장비 및 기기,KOSDAQ,IT
A017480,삼현철강,FGSC.15.10.40,금속 및 광물,KOSDAQ,소재
A017510,세명전기,FGSC.20.10.40,전기장비,KOSDAQ,산업재
A017650,대림제지,FGSC.15.10.50,종이 및 목재,KOSDAQ,소재
A017680,데코앤이,FGSC.25.20.30,섬유 및 의복,KOSDAQ,경기소비재
A017890,한국알콜,FGSC.15.10.10,화학,KOSDAQ,소재
A018000,유니슨,FGSC.10.10.10,에너지 시설 및 서비스,KOSDAQ,에너지
A018120,진로발효,FGSC.30.20.10,음료,KOSDAQ,필수소비재
A018290,지엠피,FGSC.15.10.30,용기 및 포장,KOSDAQ,소재
A018310,삼목에스폼,FGSC.20.10.20,건축자재,KOSDAQ,산업재
A018620,우진비앤지,FGSC.35.20.20,제약,KOSDAQ,의료
A018680,서울제약,FGSC.35.20.20,제약,KOSDAQ,의료
A018700,바른손,FGSC.25.30.10,호텔 및 레저,KOSDAQ,경기소비재
A019010,그랜드백화점,FGSC.25.50.30,백화점,KOSDAQ,경기소비재
A019210,와이지-원,FGSC.20.10.60,기계,KOSDAQ,산업재
A019540,일지테크,FGSC.25.10.10,자동차부품,KOSDAQ,경기소비재
A019550,SBI인베스트먼트,FGSC.40.20.10,창업투자 및 종금,KOSDAQ,금융
A019570,제미니투자,FGSC.40.20.10,창업투자 및 종금,KOSDAQ,금융
A019590,엠벤처투자,FGSC.40.20.10,창업투자 및 종금,KOSDAQ,금융
A019660,글로본,FGSC.40.20.10,창업투자 및 종금,KOSDAQ,금융
A019770,서연탑메탈,FGSC.25.10.10,자동차부품,KOSDAQ,경기소비재
A019990,에너토크,FGSC.20.10.60,기계,KOSDAQ,산업재
A020180,대신정보통신,FGSC.45.10.20,IT 서비스,KOSDAQ,IT
A020400,대동금속,FGSC.25.10.10,자동차부품,KOSDAQ,경기소비재
A020710,시공테크,FGSC.25.30.10,호텔 및 레저,KOSDAQ,경기소비재
A021040,대호피앤씨,FGSC.15.10.40,금속 및 광물,KOSDAQ,소재
A021080,에이티넘인베스트,FGSC.40.20.10,창업투자 및 종금,KOSDAQ,금융
A021320,KCC건설,FGSC.20.10.30,건설,KOSDAQ,산업재
A021650,한국큐빅,FGSC.25.10.10,자동차부품,KOSDAQ,경기소비재
A021880,메이슨캐피탈,FGSC.40.20.20,소비자 금융,KOSDAQ,금융
A022100,포스코 ICT,FGSC.45.10.20,IT 서비스,KOSDAQ,IT
A022220,정산애강,FGSC.20.10.20,건축자재,KOSDAQ,산업재
A023160,태광,FGSC.20.10.60,기계,KOSDAQ,산업재
A023410,유진기업,FGSC.15.10.20,건축소재,KOSDAQ,소재
A023430,아이이,FGSC.10.10.20,석유 및 가스,KOSDAQ,에너지
A023440,제일제강,FGSC.15.10.40,금속 및 광물,KOSDAQ,소재
A023460,CNH,FGSC.40.20.20,소비자 금융,KOSDAQ,금융
A023600,삼보판지,FGSC.15.10.30,용기 및 포장,KOSDAQ,소재
A023760,한국캐피탈,FGSC.40.20.20,소비자 금융,KOSDAQ,금융
A023770,플레이위드,FGSC.45.10.40,게임 소프트웨어,KOSDAQ,IT
A023790,동일철강,FGSC.15.10.40,금속 및 광물,KOSDAQ,소재
A023890,아트라스BX,FGSC.45.20.30,전자 장비 및 기기,KOSDAQ,IT
A023900,풍국주정,FGSC.30.20.10,음료,KOSDAQ,필수소비재
A023910,대한약품,FGSC.35.20.20,제약,KOSDAQ,의료
A024060,흥구석유,FGSC.10.10.20,석유 및 가스,KOSDAQ,에너지
A024120,KB오토시스,FGSC.25.10.10,자동차부품,KOSDAQ,경기소비재
A024660,하림홀딩스,FGSC.30.20.20,식료품,KOSDAQ,필수소비재
A024740,한일단조,FGSC.25.10.10,자동차부품,KOSDAQ,경기소비재
A024800,유성티엔에스,FGSC.15.10.40,금속 및 광물,KOSDAQ,소재
A024810,이화전기,FGSC.20.10.40,전기장비,KOSDAQ,산업재
A024830,세원물산,FGSC.25.10.10,자동차부품,KOSDAQ,경기소비재
A024840,갑을메탈,FGSC.20.10.40,전기장비,KOSDAQ,산업재
A024850,피에스엠씨,FGSC.45.30.10,반도체 및 관련장비,KOSDAQ,IT
A024880,케이피에프,FGSC.20.10.60,기계,KOSDAQ,산업재
A024910,경창산업,FGSC.25.10.10,자동차부품,KOSDAQ,경기소비재
A024940,PN풍년,FGSC.25.20.10,내구소비재,KOSDAQ,경기소비재
A024950,삼천리자전거,FGSC.25.20.20,레저용품,KOSDAQ,경기소비재
A025320,시노펙스,FGSC.45.20.50,휴대폰 및 관련부품,KOSDAQ,IT
A025440,대성엘텍,FGSC.25.10.10,자동차부품,KOSDAQ,경기소비재
A025550,한국선재,FGSC.15.10.40,금속 및 광물,KOSDAQ,소재
A025770,한국정보통신,FGSC.20.20.10,상업서비스,KOSDAQ,산업재
A025870,신라에스지,FGSC.30.20.20,식료품,KOSDAQ,필수소비재
A025880,케이씨피드,FGSC.30.20.20,식료품,KOSDAQ,필수소비재
A025900,동화기업,FGSC.15.10.50,종이 및 목재,KOSDAQ,소재
A025950,동신건설,FGSC.20.10.30,건설,KOSDAQ,산업재
A025980,에머슨퍼시픽,FGSC.25.30.10,호텔 및 레저,KOSDAQ,경기소비재
A026040,제이에스티나,FGSC.25.20.30,섬유 및 의복,KOSDAQ,경기소비재
A026150,특수건설,FGSC.20.10.30,건설,KOSDAQ,산업재
A026180,현대정보기술,FGSC.45.10.20,IT 서비스,KOSDAQ,IT
A026260,카테아,FGSC.35.20.10,바이오,KOSDAQ,의료
A026910,광진실업,FGSC.15.10.40,금속 및 광물,KOSDAQ,소재
A027040,서울전자통신,FGSC.20.10.40,전기장비,KOSDAQ,산업재
A027050,코리아나,FGSC.30.30.20,개인생활용품,KOSDAQ,필수소비재
A027580,상보,FGSC.45.40.10,디스플레이 및 관련부품,KOSDAQ,IT
A027710,팜스토리,FGSC.30.20.20,식료품,KOSDAQ,필수소비재
A027830,대성창투,FGSC.40.20.10,창업투자 및 종금,KOSDAQ,금융
A028040,스페로 글로벌,FGSC.15.10.20,건축소재,KOSDAQ,소재
A028080,휴맥스홀딩스,FGSC.45.20.60,셋톱 박스,KOSDAQ,IT
A028150,GS홈쇼핑,FGSC.25.50.20,온라인쇼핑,KOSDAQ,경기소비재
A028300,에이치엘비,FGSC.20.10.80,조선,KOSDAQ,산업재
A029480,바른테크놀로지,FGSC.45.10.20,IT 서비스,KOSDAQ,IT
A029960,코엔텍,FGSC.20.20.10,상업서비스,KOSDAQ,산업재
A030190,NICE평가정보,FGSC.20.20.10,상업서비스,KOSDAQ,산업재
A030270,에스마크,FGSC.25.20.30,섬유 및 의복,KOSDAQ,경기소비재
A030350,드래곤플라이,FGSC.45.10.40,게임 소프트웨어,KOSDAQ,IT
A030520,한글과컴퓨터,FGSC.45.10.30,일반 소프트웨어,KOSDAQ,IT
A030530,원익홀딩스,FGSC.45.30.10,반도체 및 관련장비,KOSDAQ,IT
A030960,양지사,FGSC.20.20.10,상업서비스,KOSDAQ,산업재
A031310,아이즈비전,FGSC.45.20.10,통신장비,KOSDAQ,IT
A031330,에스에이엠티,FGSC.45.30.10,반도체 및 관련장비,KOSDAQ,IT
A031390,녹십자셀,FGSC.45.20.30,전자 장비 및 기기,KOSDAQ,IT
A031510,오스템,FGSC.25.10.10,자동차부품,KOSDAQ,경기소비재
A031860,엔에스엔,FGSC.25.20.20,레저용품,KOSDAQ,경기소비재
A031980,피에스케이,FGSC.45.30.10,반도체 및 관련장비,KOSDAQ,IT
A032040,C&S자산관리,FGSC.20.20.10,상업서비스,KOSDAQ,산업재
A032080,아즈텍WB,FGSC.25.20.30,섬유 및 의복,KOSDAQ,경기소비재
A032190,다우데이타,FGSC.40.50.10,증권,KOSDAQ,금융
A032280,삼일,FGSC.20.30.40,육상운수,KOSDAQ,산업재
A032500,케이엠더블유,FGSC.45.20.10,통신장비,KOSDAQ,IT
A032540,TJ미디어,FGSC.25.20.20,레저용품,KOSDAQ,경기소비재
A032580,피델릭스,FGSC.45.20.50,휴대폰 및 관련부품,KOSDAQ,IT
A032620,유비케어,FGSC.35.10.10,의료 장비 및 서비스,KOSDAQ,의료
A032680,소프트센,FGSC.45.10.20,IT 서비스,KOSDAQ,IT
A032750,삼진,FGSC.25.20.10,내구소비재,KOSDAQ,경기소비재
A032790,엠젠플러스,FGSC.45.20.20,컴퓨터 및 주변기기,KOSDAQ,IT
A032800,판타지오,FGSC.25.40.10,미디어,KOSDAQ,경기소비재
A032820,우리기술,FGSC.10.10.10,에너지 시설 및 서비스,KOSDAQ,에너지
A032850,비트컴퓨터,FGSC.35.10.10,의료 장비 및 서비스,KOSDAQ,의료
A032860,GMR 머티리얼즈,FGSC.15.10.40,금속 및 광물,KOSDAQ,소재
A032940,원익,FGSC.35.10.10,의료 장비 및 서비스,KOSDAQ,의료
A032960,동일기연,FGSC.45.20.30,전자 장비 및 기기,KOSDAQ,IT
A032980,바이온,FGSC.15.10.10,화학,KOSDAQ,소재
A033050,제이엠아이,FGSC.45.40.10,디스플레이 및 관련부품,KOSDAQ,IT
A033100,제룡전기,FGSC.20.10.40,전기장비,KOSDAQ,산업재
A033110,이디,FGSC.25.30.20,교육,KOSDAQ,경기소비재
A033130,디지틀조선,FGSC.25.40.10,미디어,KOSDAQ,경기소비재
A033160,엠케이전자,FGSC.45.30.10,반도체 및 관련장비,KOSDAQ,IT
A033170,시그네틱스,FGSC.45.30.10,반도체 및 관련장비,KOSDAQ,IT
A033200,모아텍,FGSC.45.20.30,전자 장비 및 기기,KOSDAQ,IT
A033230,인성정보,FGSC.45.10.20,IT 서비스,KOSDAQ,IT
A033290,코웰패션,FGSC.45.20.30,전자 장비 및 기기,KOSDAQ,IT
A033310,디케이디앤아이,FGSC.15.10.30,용기 및 포장,KOSDAQ,소재
A033320,제이씨현시스템,FGSC.45.20.20,컴퓨터 및 주변기기,KOSDAQ,IT
A033340,좋은사람들,FGSC.25.20.30,섬유 및 의복,KOSDAQ,경기소비재
A033430,디에스티,FGSC.15.10.40,금속 및 광물,KOSDAQ,소재
A033500,동성화인텍,FGSC.15.10.10,화학,KOSDAQ,소재
A033540,파라텍,FGSC.20.10.60,기계,KOSDAQ,산업재
A033560,블루콤,FGSC.45.20.50,휴대폰 및 관련부품,KOSDAQ,IT
A033600,이젠텍,FGSC.25.10.10,자동차부품,KOSDAQ,경기소비재
A033640,네패스,FGSC.45.30.10,반도체 및 관련장비,KOSDAQ,IT
A033790,서화정보통신,FGSC.45.20.10,통신장비,KOSDAQ,IT
A033830,티비씨,FGSC.25.40.10,미디어,KOSDAQ,경기소비재
A034230,파라다이스,FGSC.25.30.10,호텔 및 레저,KOSDAQ,경기소비재
A034810,해성산업,FGSC.40.40.10,부동산,KOSDAQ,금융
A034940,조아제약,FGSC.35.20.20,제약,KOSDAQ,의료
A034950,한국기업평가,FGSC.20.20.10,상업서비스,KOSDAQ,산업재
A035080,인터파크홀딩스,FGSC.25.50.20,온라인쇼핑,KOSDAQ,경기소비재
A035200,프럼파스트,FGSC.20.10.20,건축자재,KOSDAQ,산업재
A035290,에이원앤,FGSC.25.30.20,교육,KOSDAQ,경기소비재
A035460,기산텔레콤,FGSC.45.20.10,통신장비,KOSDAQ,IT
A035480,마제스타,FGSC.25.30.10,호텔 및 레저,KOSDAQ,경기소비재
A035600,KG이니시스,FGSC.45.10.10,인터넷 서비스,KOSDAQ,IT
A035610,솔본,FGSC.35.10.10,의료 장비 및 서비스,KOSDAQ,의료
A035620,바른손이앤에이,FGSC.45.10.40,게임 소프트웨어,KOSDAQ,IT
A035760,CJ오쇼핑,FGSC.25.50.20,온라인쇼핑,KOSDAQ,경기소비재
A035810,이지바이오,FGSC.30.20.20,식료품,KOSDAQ,필수소비재
A035890,서희건설,FGSC.20.10.30,건설,KOSDAQ,산업재
A035900,JYP Ent.,FGSC.25.40.10,미디어,KOSDAQ,경기소비재
A036000,예림당,FGSC.20.30.20,항공운수,KOSDAQ,산업재
A036010,아비코전자,FGSC.45.20.30,전자 장비 및 기기,KOSDAQ,IT
A036030,KTH,FGSC.45.10.10,인터넷 서비스,KOSDAQ,IT
A036090,위지트,FGSC.45.40.10,디스플레이 및 관련부품,KOSDAQ,IT
A036120,SCI평가정보,FGSC.20.20.10,상업서비스,KOSDAQ,산업재
A036170,씨티엘,FGSC.45.40.10,디스플레이 및 관련부품,KOSDAQ,IT
A036180,영인프런티어,FGSC.25.30.20,교육,KOSDAQ,경기소비재
A036190,금화피에스시,FGSC.20.10.30,건설,KOSDAQ,산업재
A036200,유니셈,FGSC.45.30.10,반도체 및 관련장비,KOSDAQ,IT
A036260,이매진아시아,FGSC.25.40.10,미디어,KOSDAQ,경기소비재
A036420,제이콘텐트리,FGSC.25.40.10,미디어,KOSDAQ,경기소비재
A036480,대성미생물,FGSC.35.20.20,제약,KOSDAQ,의료
A036490,SK머티리얼즈,FGSC.45.30.10,반도체 및 관련장비,KOSDAQ,IT
A036540,SFA반도체,FGSC.45.30.10,반도체 및 관련장비,KOSDAQ,IT
A036560,영풍정밀,FGSC.20.10.60,기계,KOSDAQ,산업재
A036620,버추얼텍,FGSC.15.10.50,종이 및 목재,KOSDAQ,소재
A036630,세종텔레콤,FGSC.50.10.10,유선통신,KOSDAQ,통신서비스
A036640,HRS,FGSC.15.10.10,화학,KOSDAQ,소재
A036670,KCI,FGSC.30.30.10,가정생활용품,KOSDAQ,필수소비재
A036690,코맥스,FGSC.45.20.70,보안장비,KOSDAQ,IT
A036710,심텍홀딩스,FGSC.45.20.30,전자 장비 및 기기,KOSDAQ,IT
A036800,나이스정보통신,FGSC.20.20.10,상업서비스,KOSDAQ,산업재
A036810,에프에스티,FGSC.45.30.10,반도체 및 관련장비,KOSDAQ,IT
A036830,솔브레인,FGSC.45.30.10,반도체 및 관련장비,KOSDAQ,IT
A036890,진성티이씨,FGSC.20.10.60,기계,KOSDAQ,산업재
A036930,주성엔지니어링,FGSC.45.30.10,반도체 및 관련장비,KOSDAQ,IT
A037070,파세코,FGSC.25.20.10,내구소비재,KOSDAQ,경기소비재
A037230,한국팩키지,FGSC.15.10.30,용기 및 포장,KOSDAQ,소재
A037330,인지디스플레,FGSC.45.40.10,디스플레이 및 관련부품,KOSDAQ,IT
A037350,성도이엔지,FGSC.20.10.30,건설,KOSDAQ,산업재
A037370,EG,FGSC.15.10.40,금속 및 광물,KOSDAQ,소재
A037400,우리조명,FGSC.45.40.10,디스플레이 및 관련부품,KOSDAQ,IT
A037440,희림,FGSC.20.10.30,건설,KOSDAQ,산업재
A037460,삼지전자,FGSC.45.20.10,통신장비,KOSDAQ,IT
A037760,쎄니트,FGSC.15.10.20,건축소재,KOSDAQ,소재
A037950,엘컴텍,FGSC.45.20.50,휴대폰 및 관련부품,KOSDAQ,IT
A038010,제일테크노스,FGSC.20.10.20,건축자재,KOSDAQ,산업재
A038060,루멘스,FGSC.45.40.10,디스플레이 및 관련부품,KOSDAQ,IT
A038070,서린바이오,FGSC.35.20.10,바이오,KOSDAQ,의료
A038110,에코플라스틱,FGSC.25.10.10,자동차부품,KOSDAQ,경기소비재
A038160,팍스넷,FGSC.45.10.20,IT 서비스,KOSDAQ,IT
A038290,마크로젠,FGSC.35.20.10,바이오,KOSDAQ,의료
A038340,리젠,FGSC.25.30.20,교육,KOSDAQ,경기소비재
A038390,레드캡투어,FGSC.25.30.10,호텔 및 레저,KOSDAQ,경기소비재
A038460,바이오스마트,FGSC.45.20.30,전자 장비 및 기기,KOSDAQ,IT
A038500,삼표시멘트,FGSC.15.10.20,건축소재,KOSDAQ,소재
A038530,골드퍼시픽,FGSC.30.20.20,식료품,KOSDAQ,필수소비재
A038540,텍셀네트컴,FGSC.40.20.20,소비자 금융,KOSDAQ,금융
A038620,위즈코프,FGSC.20.30.50,운송인프라,KOSDAQ,산업재
A038680,에스넷,FGSC.45.20.10,통신장비,KOSDAQ,IT
A038870,에코바이오,FGSC.10.10.10,에너지 시설 및 서비스,KOSDAQ,에너지
A038880,아이에이,FGSC.45.30.10,반도체 및 관련장비,KOSDAQ,IT
A038950,파인디지털,FGSC.25.10.10,자동차부품,KOSDAQ,경기소비재
A039010,현대통신,FGSC.45.20.70,보안장비,KOSDAQ,IT
A039020,이건홀딩스,FGSC.20.10.20,건축자재,KOSDAQ,산업재
A039030,이오테크닉스,FGSC.45.30.10,반도체 및 관련장비,KOSDAQ,IT
A039200,오스코텍,FGSC.35.20.10,바이오,KOSDAQ,의료
A039230,폭스브레인,FGSC.45.40.10,디스플레이 및 관련부품,KOSDAQ,IT
A039240,경남스틸,FGSC.15.10.40,금속 및 광물,KOSDAQ,소재
A039290,인포뱅크,FGSC.45.10.30,일반 소프트웨어,KOSDAQ,IT
A039310,세중,FGSC.25.30.10,호텔 및 레저,KOSDAQ,경기소비재
A039340,한국경제TV,FGSC.25.40.10,미디어,KOSDAQ,경기소비재
A039420,케이엘넷,FGSC.45.10.20,IT 서비스,KOSDAQ,IT
A039440,에스티아이,FGSC.45.30.10,반도체 및 관련장비,KOSDAQ,IT
A039560,다산네트웍스,FGSC.45.20.10,통신장비,KOSDAQ,IT
A039610,화성밸브,FGSC.20.10.60,기계,KOSDAQ,산업재
A039670,스포츠서울,FGSC.25.40.10,미디어,KOSDAQ,경기소비재
A039740,한국정보공학,FGSC.25.50.10,도소매,KOSDAQ,경기소비재
A039790,위노바,FGSC.30.30.20,개인생활용품,KOSDAQ,필수소비재
A039830,오로라,FGSC.25.20.20,레저용품,KOSDAQ,경기소비재
A039840,디오,FGSC.35.10.10,의료 장비 및 서비스,KOSDAQ,의료
A039860,나노엔텍,FGSC.35.10.10,의료 장비 및 서비스,KOSDAQ,의료
A039980,리노스,FGSC.25.20.30,섬유 및 의복,KOSDAQ,경기소비재
A040160,누리텔레콤,FGSC.45.10.30,일반 소프트웨어,KOSDAQ,IT
A040300,YTN,FGSC.25.40.10,미디어,KOSDAQ,경기소비재
A040350,큐로컴,FGSC.45.10.20,IT 서비스,KOSDAQ,IT
A040420,정상제이엘에스,FGSC.25.30.20,교육,KOSDAQ,경기소비재
A040610,SG&G,FGSC.25.10.10,자동차부품,KOSDAQ,경기소비재
A040910,아이씨디,FGSC.45.40.10,디스플레이 및 관련부품,KOSDAQ,IT
A041020,인프라웨어,FGSC.45.10.30,일반 소프트웨어,KOSDAQ,IT
A041140,넥슨지티,FGSC.45.10.40,게임 소프트웨어,KOSDAQ,IT
A041190,우리기술투자,FGSC.40.20.10,창업투자 및 종금,KOSDAQ,금융
A041440,에버다임,FGSC.20.10.60,기계,KOSDAQ,산업재
A041460,한국전자인증,FGSC.20.20.10,상업서비스,KOSDAQ,산업재
A041510,에스엠,FGSC.25.40.10,미디어,KOSDAQ,경기소비재
A041520,이라이콤,FGSC.45.20.50,휴대폰 및 관련부품,KOSDAQ,IT
A041590,젬백스테크놀러지,FGSC.45.20.50,휴대폰 및 관련부품,KOSDAQ,IT
A041830,인바디,FGSC.35.10.10,의료 장비 및 서비스,KOSDAQ,의료
A041910,에스텍파마,FGSC.35.20.20,제약,KOSDAQ,의료
A041920,메디아나,FGSC.35.10.10,의료 장비 및 서비스,KOSDAQ,의료
A041930,동아화성,FGSC.15.10.10,화학,KOSDAQ,소재
A041960,코미팜,FGSC.35.20.20,제약,KOSDAQ,의료
A042040,케이피엠테크,FGSC.15.10.10,화학,KOSDAQ,소재
A042110,에스씨디,FGSC.45.20.30,전자 장비 및 기기,KOSDAQ,IT
A042370,비츠로테크,FGSC.20.10.40,전기장비,KOSDAQ,산업재
A042420,네오위즈홀딩스,FGSC.45.10.40,게임 소프트웨어,KOSDAQ,IT
A042500,링네트,FGSC.45.10.20,IT 서비스,KOSDAQ,IT
A042510,라온시큐어,FGSC.45.10.30,일반 소프트웨어,KOSDAQ,IT
A042520,한스바이오메드,FGSC.35.20.10,바이오,KOSDAQ,의료
A042600,새로닉스,FGSC.45.40.10,디스플레이 및 관련부품,KOSDAQ,IT
A042940,포워드컴퍼니스,FGSC.20.10.30,건설,KOSDAQ,산업재
A043090,팜스웰바이오,FGSC.35.20.20,제약,KOSDAQ,의료
A043100,솔고바이오,FGSC.35.10.10,의료 장비 및 서비스,KOSDAQ,의료
A043150,바텍,FGSC.35.10.10,의료 장비 및 서비스,KOSDAQ,의료
A043200,파루,FGSC.10.10.10,에너지 시설 및 서비스,KOSDAQ,에너지
A043220,에이치엘비파워,FGSC.10.10.20,석유 및 가스,KOSDAQ,에너지
A043260,성호전자,FGSC.45.20.30,전자 장비 및 기기,KOSDAQ,IT
A043290,케이맥,FGSC.45.40.10,디스플레이 및 관련부품,KOSDAQ,IT
A043340,에쎈테크,FGSC.20.10.60,기계,KOSDAQ,산업재
A043360,디지아이,FGSC.45.20.20,컴퓨터 및 주변기기,KOSDAQ,IT
A043370,평화정공,FGSC.25.10.10,자동차부품,KOSDAQ,경기소비재
A043580,에임하이,FGSC.45.20.50,휴대폰 및 관련부품,KOSDAQ,IT
A043590,크로바하이텍,FGSC.45.20.30,전자 장비 및 기기,KOSDAQ,IT
A043610,지니뮤직,FGSC.45.10.10,인터넷 서비스,KOSDAQ,IT
A043650,국순당,FGSC.30.20.10,음료,KOSDAQ,필수소비재
A043710,서울리거,FGSC.45.10.40,게임 소프트웨어,KOSDAQ,IT
A043910,자연과환경,FGSC.20.20.10,상업서비스,KOSDAQ,산업재
A044060,조광ILI,FGSC.20.10.60,기계,KOSDAQ,산업재
A044180,KD건설,FGSC.20.10.30,건설,KOSDAQ,산업재
A044340,위닉스,FGSC.25.20.10,내구소비재,KOSDAQ,경기소비재
A044480,유니더스,FGSC.30.30.20,개인생활용품,KOSDAQ,필수소비재
A044490,태웅,FGSC.10.10.10,에너지 시설 및 서비스,KOSDAQ,에너지
A044780,에이치케이,FGSC.20.10.60,기계,KOSDAQ,산업재
A044960,이-글 벳,FGSC.35.20.20,제약,KOSDAQ,의료
A045060,오공,FGSC.15.10.10,화학,KOSDAQ,소재
A045100,한양이엔지,FGSC.45.30.10,반도체 및 관련장비,KOSDAQ,IT
A045300,성우테크론,FGSC.45.30.10,반도체 및 관련장비,KOSDAQ,IT
A045340,토탈소프트,FGSC.20.30.50,운송인프라,KOSDAQ,산업재
A045390,대아티아이,FGSC.20.30.50,운송인프라,KOSDAQ,산업재
A045510,정원엔시스,FGSC.45.10.20,IT 서비스,KOSDAQ,IT
A045520,크린앤사이언스,FGSC.25.10.10,자동차부품,KOSDAQ,경기소비재
A045660,에이텍,FGSC.45.20.20,컴퓨터 및 주변기기,KOSDAQ,IT
A045890,동부라이텍,FGSC.45.40.10,디스플레이 및 관련부품,KOSDAQ,IT
A045970,코아시아홀딩스,FGSC.45.20.30,전자 장비 및 기기,KOSDAQ,IT
A046070,코다코,FGSC.25.10.10,자동차부품,KOSDAQ,경기소비재
A046110,한일네트웍스,FGSC.45.10.20,IT 서비스,KOSDAQ,IT
A046120,오르비텍,FGSC.10.10.10,에너지 시설 및 서비스,KOSDAQ,에너지
A046140,SBS콘텐츠허브,FGSC.25.40.10,미디어,KOSDAQ,경기소비재
A046210,파나진,FGSC.35.10.10,의료 장비 및 서비스,KOSDAQ,의료
A046310,백금T&A,FGSC.45.20.10,통신장비,KOSDAQ,IT
A046390,삼화네트웍스,FGSC.25.40.10,미디어,KOSDAQ,경기소비재
A046440,KG모빌리언스,FGSC.45.10.10,인터넷 서비스,KOSDAQ,IT
A046890,서울반도체,FGSC.45.40.10,디스플레이 및 관련부품,KOSDAQ,IT
A046940,우원개발,FGSC.20.10.30,건설,KOSDAQ,산업재
A046970,우리로,FGSC.45.20.10,통신장비,KOSDAQ,IT
A047080,한빛소프트,FGSC.45.10.40,게임 소프트웨어,KOSDAQ,IT
A047310,파워로직스,FGSC.45.20.30,전자 장비 및 기기,KOSDAQ,IT
A047440,레이젠,FGSC.45.40.10,디스플레이 및 관련부품,KOSDAQ,IT
A047560,이스트소프트,FGSC.45.10.30,일반 소프트웨어,KOSDAQ,IT
A047770,코데즈컴바인,FGSC.25.20.30,섬유 및 의복,KOSDAQ,경기소비재
A047820,초록뱀,FGSC.25.40.10,미디어,KOSDAQ,경기소비재
A047920,씨트리,FGSC.35.20.20,제약,KOSDAQ,의료
A048260,오스템임플란트,FGSC.35.10.10,의료 장비 및 서비스,KOSDAQ,의료
A048410,현대아이비티,FGSC.45.40.10,디스플레이 및 관련부품,KOSDAQ,IT
A048430,유라테크,FGSC.25.10.10,자동차부품,KOSDAQ,경기소비재
A048470,대동스틸,FGSC.15.10.40,금속 및 광물,KOSDAQ,소재
A048530,인트론바이오,FGSC.35.20.10,바이오,KOSDAQ,의료
A048550,SM C&C,FGSC.25.40.10,미디어,KOSDAQ,경기소비재
A048770,TPC,FGSC.20.10.60,기계,KOSDAQ,산업재
A048830,엔피케이,FGSC.15.10.10,화학,KOSDAQ,소재
A048870,시너지이노베이션,FGSC.25.10.10,자동차부품,KOSDAQ,경기소비재
A048910,대원미디어,FGSC.25.40.10,미디어,KOSDAQ,경기소비재
A049070,인탑스,FGSC.45.20.50,휴대폰 및 관련부품,KOSDAQ,IT
A049080,기가레인,FGSC.45.30.10,반도체 및 관련장비,KOSDAQ,IT
A049120,파인디앤씨,FGSC.45.40.10,디스플레이 및 관련부품,KOSDAQ,IT
A049180,셀루메드,FGSC.35.10.10,의료 장비 및 서비스,KOSDAQ,의료
A049430,코메론,FGSC.20.10.60,기계,KOSDAQ,산업재
A049470,SGA,FGSC.45.10.30,일반 소프트웨어,KOSDAQ,IT
A049480,오픈베이스,FGSC.45.10.20,IT 서비스,KOSDAQ,IT
A049520,유아이엘,FGSC.45.20.50,휴대폰 및 관련부품,KOSDAQ,IT
A049550,잉크테크,FGSC.45.20.20,컴퓨터 및 주변기기,KOSDAQ,IT
A049630,재영솔루텍,FGSC.45.20.50,휴대폰 및 관련부품,KOSDAQ,IT
A049720,고려신용정보,FGSC.20.20.10,상업서비스,KOSDAQ,산업재
A049830,승일,FGSC.15.10.30,용기 및 포장,KOSDAQ,소재
A049950,미래컴퍼니,FGSC.45.40.10,디스플레이 및 관련부품,KOSDAQ,IT
A049960,쎌바이오텍,FGSC.35.20.10,바이오,KOSDAQ,의료
A050090,휘닉스소재,FGSC.45.40.10,디스플레이 및 관련부품,KOSDAQ,IT
A050110,캠시스,FGSC.45.20.50,휴대폰 및 관련부품,KOSDAQ,IT
A050120,라이브플렉스,FGSC.25.20.20,레저용품,KOSDAQ,경기소비재
A050320,에스아이티글로벌,FGSC.45.10.20,IT 서비스,KOSDAQ,IT
A050540,한국코퍼레이션,FGSC.20.20.10,상업서비스,KOSDAQ,산업재
A050760,에스폴리텍,FGSC.20.10.20,건축자재,KOSDAQ,산업재
A050860,아세아텍,FGSC.20.10.60,기계,KOSDAQ,산업재
A050890,쏠리드,FGSC.45.20.10,통신장비,KOSDAQ,IT
A050960,수산아이앤티,FGSC.45.10.30,일반 소프트웨어,KOSDAQ,IT
A051160,지어소프트,FGSC.25.50.10,도소매,KOSDAQ,경기소비재
A051170,썬코어,FGSC.20.10.60,기계,KOSDAQ,산업재
A051360,토비스,FGSC.45.40.10,디스플레이 및 관련부품,KOSDAQ,IT
A051370,인터플렉스,FGSC.45.20.30,전자 장비 및 기기,KOSDAQ,IT
A051380,피씨디렉트,FGSC.25.50.10,도소매,KOSDAQ,경기소비재
A051390,YW,FGSC.25.20.10,내구소비재,KOSDAQ,경기소비재
A051490,나라엠앤디,FGSC.20.10.60,기계,KOSDAQ,산업재
A051500,CJ프레시웨이,FGSC.30.20.20,식료품,KOSDAQ,필수소비재
A051780,큐로홀딩스,FGSC.25.40.10,미디어,KOSDAQ,경기소비재
A051980,넥스트바이오홀딩스,FGSC.35.10.10,의료 장비 및 서비스,KOSDAQ,의료
A052020,에스티큐브,FGSC.45.20.30,전자 장비 및 기기,KOSDAQ,IT
A052190,이에스에이,FGSC.45.10.40,게임 소프트웨어,KOSDAQ,IT
A052220,iMBC,FGSC.25.40.10,미디어,KOSDAQ,경기소비재
A052260,SK바이오랜드,FGSC.35.20.10,바이오,KOSDAQ,의료
A052290,트레이스,FGSC.45.20.50,휴대폰 및 관련부품,KOSDAQ,IT
A052300,W홀딩컴퍼니,FGSC.20.30.40,육상운수,KOSDAQ,산업재
A052330,코텍,FGSC.45.40.10,디스플레이 및 관련부품,KOSDAQ,IT
A052400,코나아이,FGSC.45.20.30,전자 장비 및 기기,KOSDAQ,IT
A052420,오성엘에스티,FGSC.45.40.10,디스플레이 및 관련부품,KOSDAQ,IT
A052460,아이크래프트,FGSC.45.10.20,IT 서비스,KOSDAQ,IT
A052600,한네트,FGSC.20.20.10,상업서비스,KOSDAQ,산업재
A052670,제일바이오,FGSC.35.20.20,제약,KOSDAQ,의료
A052710,아모텍,FGSC.45.20.30,전자 장비 및 기기,KOSDAQ,IT
A052770,와이디온라인,FGSC.45.10.40,게임 소프트웨어,KOSDAQ,IT
A052790,액토즈소프트,FGSC.45.10.40,게임 소프트웨어,KOSDAQ,IT
A052860,아이앤씨,FGSC.45.20.50,휴대폰 및 관련부품,KOSDAQ,IT
A052900,KMH하이텍,FGSC.45.30.10,반도체 및 관련장비,KOSDAQ,IT
A053030,바이넥스,FGSC.35.20.20,제약,KOSDAQ,의료
A053050,지에스이,FGSC.55.10.20,가스,KOSDAQ,유틸리티
A053060,세동,FGSC.25.10.10,자동차부품,KOSDAQ,경기소비재
A053110,소리바다,FGSC.45.10.10,인터넷 서비스,KOSDAQ,IT
A053160,프리엠스,FGSC.20.10.60,기계,KOSDAQ,산업재
A053260,금강철강,FGSC.15.10.40,금속 및 광물,KOSDAQ,소재
A053270,구영테크,FGSC.25.10.10,자동차부품,KOSDAQ,경기소비재
A053280,예스24,FGSC.25.50.20,온라인쇼핑,KOSDAQ,경기소비재
A053290,능률교육,FGSC.25.30.20,교육,KOSDAQ,경기소비재
A053300,한국정보인증,FGSC.45.10.30,일반 소프트웨어,KOSDAQ,IT
A053350,이니텍,FGSC.45.10.30,일반 소프트웨어,KOSDAQ,IT
A053450,세코닉스,FGSC.45.20.50,휴대폰 및 관련부품,KOSDAQ,IT
A053590,한국테크놀로지,FGSC.10.10.10,에너지 시설 및 서비스,KOSDAQ,에너지
A053610,프로텍,FGSC.45.30.10,반도체 및 관련장비,KOSDAQ,IT
A053620,태양,FGSC.30.30.10,가정생활용품,KOSDAQ,필수소비재
A053660,현진소재,FGSC.20.10.80,조선,KOSDAQ,산업재
A053700,삼보모터스,FGSC.25.10.10,자동차부품,KOSDAQ,경기소비재
A053800,안랩,FGSC.45.10.30,일반 소프트웨어,KOSDAQ,IT
A053950,경남제약,FGSC.35.20.20,제약,KOSDAQ,의료
A053980,오상자이엘,FGSC.45.10.20,IT 서비스,KOSDAQ,IT
A054040,한국컴퓨터,FGSC.45.40.10,디스플레이 및 관련부품,KOSDAQ,IT
A054050,농우바이오,FGSC.35.20.10,바이오,KOSDAQ,의료
A054090,삼진엘앤디,FGSC.45.40.10,디스플레이 및 관련부품,KOSDAQ,IT
A054180,중앙오션,FGSC.20.10.80,조선,KOSDAQ,산업재
A054210,이랜텍,FGSC.45.20.50,휴대폰 및 관련부품,KOSDAQ,IT
A054220,비츠로시스,FGSC.20.20.10,상업서비스,KOSDAQ,산업재
A054300,팬스타엔터프라이즈,FGSC.25.10.10,자동차부품,KOSDAQ,경기소비재
A054340,엔알케이,FGSC.45.20.50,휴대폰 및 관련부품,KOSDAQ,IT
A054410,케이피티,FGSC.15.10.40,금속 및 광물,KOSDAQ,소재
A054450,텔레칩스,FGSC.45.30.10,반도체 및 관련장비,KOSDAQ,IT
A054540,삼영엠텍,FGSC.20.10.60,기계,KOSDAQ,산업재
A054620,APS홀딩스,FGSC.45.40.10,디스플레이 및 관련부품,KOSDAQ,IT
A054630,에이디칩스,FGSC.45.30.10,반도체 및 관련장비,KOSDAQ,IT
A054670,대한뉴팜,FGSC.35.20.20,제약,KOSDAQ,의료
A054780,키이스트,FGSC.25.40.10,미디어,KOSDAQ,경기소비재
A054800,아이디스홀딩스,FGSC.45.20.70,보안장비,KOSDAQ,IT
A054920,한컴시큐어,FGSC.45.10.30,일반 소프트웨어,KOSDAQ,IT
A054930,유신,FGSC.20.10.30,건설,KOSDAQ,산업재
A054940,엑사이엔씨,FGSC.25.20.10,내구소비재,KOSDAQ,경기소비재
A054950,제이브이엠,FGSC.35.10.10,의료 장비 및 서비스,KOSDAQ,의료
A056000,신스타임즈,FGSC.45.10.40,게임 소프트웨어,KOSDAQ,IT
A056080,유진로봇,FGSC.25.20.20,레저용품,KOSDAQ,경기소비재
A056090,유앤아이,FGSC.35.10.10,의료 장비 및 서비스,KOSDAQ,의료
A056190,에스에프에이,FGSC.45.40.10,디스플레이 및 관련부품,KOSDAQ,IT
A056360,코위버,FGSC.45.20.10,통신장비,KOSDAQ,IT
A056700,신화인터텍,FGSC.45.40.10,디스플레이 및 관련부품,KOSDAQ,IT
A056730,포스링크,FGSC.15.10.40,금속 및 광물,KOSDAQ,소재
A057030,와이비엠넷,FGSC.25.30.20,교육,KOSDAQ,경기소비재
A057500,SKC 솔믹스,FGSC.45.30.10,반도체 및 관련장비,KOSDAQ,IT
A057540,옴니시스템,FGSC.20.10.40,전기장비,KOSDAQ,산업재
A057680,옴니텔,FGSC.45.10.10,인터넷 서비스,KOSDAQ,IT
A057880,토필드,FGSC.45.20.60,셋톱 박스,KOSDAQ,IT
A058110,멕아이씨에스,FGSC.35.10.10,의료 장비 및 서비스,KOSDAQ,의료
A058220,아리온,FGSC.45.20.60,셋톱 박스,KOSDAQ,IT
A058400,KNN,FGSC.25.40.10,미디어,KOSDAQ,경기소비재
A058420,제이웨이,FGSC.25.40.10,미디어,KOSDAQ,경기소비재
A058450,일야,FGSC.45.20.50,휴대폰 및 관련부품,KOSDAQ,IT
A058470,리노공업,FGSC.45.30.10,반도체 및 관련장비,KOSDAQ,IT
A058530,크레아플래닛,FGSC.45.20.30,전자 장비 및 기기,KOSDAQ,IT
A058610,에스피지,FGSC.20.10.40,전기장비,KOSDAQ,산업재
A058630,엠게임,FGSC.45.10.40,게임 소프트웨어,KOSDAQ,IT
A058820,CMG제약,FGSC.35.20.20,제약,KOSDAQ,의료
A059090,미코,FGSC.45.30.10,반도체 및 관련장비,KOSDAQ,IT
A059100,아이컴포넌트,FGSC.45.40.10,디스플레이 및 관련부품,KOSDAQ,IT
A059120,아진엑스텍,FGSC.45.30.10,반도체 및 관련장비,KOSDAQ,IT
A059210,메타바이오메드,FGSC.35.10.10,의료 장비 및 서비스,KOSDAQ,의료
A060150,인선이엔티,FGSC.20.20.10,상업서비스,KOSDAQ,산업재
A060230,이그잭스,FGSC.45.20.10,통신장비,KOSDAQ,IT
A060240,룽투코리아,FGSC.45.10.40,게임 소프트웨어,KOSDAQ,IT
A060250,NHN한국사이버결제,FGSC.45.10.10,인터넷 서비스,KOSDAQ,IT
A060260,뉴보텍,FGSC.20.10.20,건축자재,KOSDAQ,산업재
A060280,큐렉소,FGSC.30.20.20,식료품,KOSDAQ,필수소비재
A060300,레드로버,FGSC.25.40.10,미디어,KOSDAQ,경기소비재
A060310,3S,FGSC.20.10.60,기계,KOSDAQ,산업재
A060370,KT서브마린,FGSC.20.10.30,건설,KOSDAQ,산업재
A060380,동양에스텍,FGSC.15.10.40,금속 및 광물,KOSDAQ,소재
A060480,국일신동,FGSC.15.10.40,금속 및 광물,KOSDAQ,소재
A060540,에스에이티,FGSC.45.20.50,휴대폰 및 관련부품,KOSDAQ,IT
A060560,홈센타홀딩스,FGSC.15.10.20,건축소재,KOSDAQ,소재
A060570,아이리버,FGSC.45.20.20,컴퓨터 및 주변기기,KOSDAQ,IT
A060590,씨티씨바이오,FGSC.35.20.20,제약,KOSDAQ,의료
A060720,KH바텍,FGSC.45.20.50,휴대폰 및 관련부품,KOSDAQ,IT
A060900,퍼시픽바이오,FGSC.10.10.10,에너지 시설 및 서비스,KOSDAQ,에너지
A061040,알에프텍,FGSC.45.20.50,휴대폰 및 관련부품,KOSDAQ,IT
A061250,화일약품,FGSC.35.20.20,제약,KOSDAQ,의료
A061460,한진피앤씨,FGSC.15.10.30,용기 및 포장,KOSDAQ,소재
A061970,엘비세미콘,FGSC.45.30.10,반도체 및 관련장비,KOSDAQ,IT
A062860,티엘아이,FGSC.45.40.10,디스플레이 및 관련부품,KOSDAQ,IT
A063080,게임빌,FGSC.45.10.40,게임 소프트웨어,KOSDAQ,IT
A063170,서울옥션,FGSC.25.50.10,도소매,KOSDAQ,경기소비재
A063440,에프엔씨애드컬쳐,FGSC.25.40.10,미디어,KOSDAQ,경기소비재
A063570,한국전자금융,FGSC.20.20.10,상업서비스,KOSDAQ,산업재
A063760,이엘피,FGSC.45.40.10,디스플레이 및 관련부품,KOSDAQ,IT
A064090,에프앤리퍼블릭,FGSC.30.30.20,개인생활용품,KOSDAQ,필수소비재
A064240,홈캐스트,FGSC.45.20.60,셋톱 박스,KOSDAQ,IT
A064260,다날,FGSC.45.10.10,인터넷 서비스,KOSDAQ,IT
A064290,인텍플러스,FGSC.45.30.10,반도체 및 관련장비,KOSDAQ,IT
A064480,브리지텍,FGSC.45.10.20,IT 서비스,KOSDAQ,IT
A064520,바른전자,FGSC.45.30.10,반도체 및 관련장비,KOSDAQ,IT
A064550,바이오니아,FGSC.35.20.10,바이오,KOSDAQ,의료
A064760,티씨케이,FGSC.45.30.10,반도체 및 관련장비,KOSDAQ,IT
A064800,필링크,FGSC.10.10.10,에너지 시설 및 서비스,KOSDAQ,에너지
A064820,케이프,FGSC.20.10.80,조선,KOSDAQ,산업재
A065060,지엔코,FGSC.25.20.30,섬유 및 의복,KOSDAQ,경기소비재
A065130,탑엔지니어링,FGSC.45.40.10,디스플레이 및 관련부품,KOSDAQ,IT
A065150,MP그룹,FGSC.25.30.10,호텔 및 레저,KOSDAQ,경기소비재
A065160,에프티이앤이,FGSC.25.20.30,섬유 및 의복,KOSDAQ,경기소비재
A065170,넥스트BT,FGSC.30.20.20,식료품,KOSDAQ,필수소비재
A065350,신성델타테크,FGSC.25.20.10,내구소비재,KOSDAQ,경기소비재
A065420,에스아이리소스,FGSC.10.10.10,에너지 시설 및 서비스,KOSDAQ,에너지
A065440,이루온,FGSC.45.10.20,IT 서비스,KOSDAQ,IT
A065450,빅텍,FGSC.20.20.10,상업서비스,KOSDAQ,산업재
A065500,오리엔트정공,FGSC.25.10.10,자동차부품,KOSDAQ,경기소비재
A065510,휴비츠,FGSC.35.10.10,의료 장비 및 서비스,KOSDAQ,의료
A065530,전파기지국,FGSC.50.10.20,무선통신,KOSDAQ,통신서비스
A065560,큐브스,FGSC.35.20.20,제약,KOSDAQ,의료
A065570,삼영이엔씨,FGSC.20.10.80,조선,KOSDAQ,산업재
A065620,제낙스,FGSC.15.10.40,금속 및 광물,KOSDAQ,소재
A065650,메디프론,FGSC.45.20.20,컴퓨터 및 주변기기,KOSDAQ,IT
A065660,안트로젠,FGSC.35.20.20,제약,KOSDAQ,의료
A065680,우주일렉트로,FGSC.45.20.50,휴대폰 및 관련부품,KOSDAQ,IT
A065690,대진디엠피,FGSC.45.20.20,컴퓨터 및 주변기기,KOSDAQ,IT
A065710,서호전기,FGSC.20.30.50,운송인프라,KOSDAQ,산업재
A065770,CS,FGSC.45.20.10,통신장비,KOSDAQ,IT
A065940,바이오빌,FGSC.15.10.10,화학,KOSDAQ,소재
A065950,웰크론,FGSC.25.20.10,내구소비재,KOSDAQ,경기소비재
A066110,한프,FGSC.45.20.20,컴퓨터 및 주변기기,KOSDAQ,IT
A066130,하츠,FGSC.20.10.20,건축자재,KOSDAQ,산업재
A066310,큐에스아이,FGSC.45.30.10,반도체 및 관련장비,KOSDAQ,IT
A066410,투윈글로벌,FGSC.25.40.10,미디어,KOSDAQ,경기소비재
A066430,와이오엠,FGSC.25.20.30,섬유 및 의복,KOSDAQ,경기소비재
A066590,우수AMS,FGSC.25.10.10,자동차부품,KOSDAQ,경기소비재
A066620,국보디자인,FGSC.20.10.30,건설,KOSDAQ,산업재
A066670,디스플레이텍,FGSC.45.20.50,휴대폰 및 관련부품,KOSDAQ,IT
A066700,테라젠이텍스,FGSC.35.20.20,제약,KOSDAQ,의료
A066790,씨씨에스,FGSC.25.40.10,미디어,KOSDAQ,경기소비재
A066900,디에이피,FGSC.45.20.50,휴대폰 및 관련부품,KOSDAQ,IT
A066910,손오공,FGSC.25.20.20,레저용품,KOSDAQ,경기소비재
A066970,엘앤에프,FGSC.45.20.30,전자 장비 및 기기,KOSDAQ,IT
A066980,브레인콘텐츠,FGSC.45.10.10,인터넷 서비스,KOSDAQ,IT
A067000,조이시티,FGSC.45.10.40,게임 소프트웨어,KOSDAQ,IT
A067010,이씨에스,FGSC.45.10.20,IT 서비스,KOSDAQ,IT
A067080,대화제약,FGSC.35.20.20,제약,KOSDAQ,의료
A067160,아프리카TV,FGSC.45.10.10,인터넷 서비스,KOSDAQ,IT
A067170,오텍,FGSC.20.10.60,기계,KOSDAQ,산업재
A067280,멀티캠퍼스,FGSC.25.30.20,교육,KOSDAQ,경기소비재
A067290,JW신약,FGSC.35.20.20,제약,KOSDAQ,의료
A067310,하나마이크론,FGSC.45.30.10,반도체 및 관련장비,KOSDAQ,IT
A067390,아스트,FGSC.20.10.60,기계,KOSDAQ,산업재
A067570,엔브이에이치코리아,FGSC.25.10.10,자동차부품,KOSDAQ,경기소비재
A067630,에이치엘비생명과학,FGSC.25.50.10,도소매,KOSDAQ,경기소비재
A067730,로지시스,FGSC.45.20.10,통신장비,KOSDAQ,IT
A067770,세진티에스,FGSC.45.40.10,디스플레이 및 관련부품,KOSDAQ,IT
A067900,와이엔텍,FGSC.20.20.10,상업서비스,KOSDAQ,산업재
A067920,이글루시큐리티,FGSC.45.10.30,일반 소프트웨어,KOSDAQ,IT
A067990,도이치모터스,FGSC.25.10.20,자동차,KOSDAQ,경기소비재
A068050,팬엔터테인먼트,FGSC.25.40.10,미디어,KOSDAQ,경기소비재
A068240,다원시스,FGSC.20.10.40,전기장비,KOSDAQ,산업재
A068270,셀트리온,FGSC.35.20.10,바이오,KOSDAQ,의료
A068330,일신바이오,FGSC.35.20.10,바이오,KOSDAQ,의료
A068760,셀트리온제약,FGSC.35.20.20,제약,KOSDAQ,의료
A068790,DMS,FGSC.45.40.10,디스플레이 및 관련부품,KOSDAQ,IT
A068930,디지털대성,FGSC.25.30.20,교육,KOSDAQ,경기소비재
A068940,아이씨케이,FGSC.20.20.10,상업서비스,KOSDAQ,산업재
A069080,웹젠,FGSC.45.10.40,게임 소프트웨어,KOSDAQ,IT
A069110,코스온,FGSC.30.30.20,개인생활용품,KOSDAQ,필수소비재
A069140,누리플랜,FGSC.20.20.10,상업서비스,KOSDAQ,산업재
A069330,유아이디,FGSC.45.40.10,디스플레이 및 관련부품,KOSDAQ,IT
A069410,엔텔스,FGSC.45.10.20,IT 서비스,KOSDAQ,IT
A069510,에스텍,FGSC.25.20.10,내구소비재,KOSDAQ,경기소비재
A069540,라이트론,FGSC.45.20.10,통신장비,KOSDAQ,IT
A069920,아이에스이커머스,FGSC.25.50.20,온라인쇼핑,KOSDAQ,경기소비재
A070300,한솔시큐어,FGSC.45.20.50,휴대폰 및 관련부품,KOSDAQ,IT
A070590,한솔인티큐브,FGSC.45.10.20,IT 서비스,KOSDAQ,IT
A071200,인피니트헬스케어,FGSC.35.10.10,의료 장비 및 서비스,KOSDAQ,의료
A071280,로체시스템즈,FGSC.45.30.10,반도체 및 관련장비,KOSDAQ,IT
A071460,대유위니아,FGSC.25.20.10,내구소비재,KOSDAQ,경기소비재
A071670,에이테크솔루션,FGSC.20.10.60,기계,KOSDAQ,산업재
A071850,캐스텍코리아,FGSC.25.10.10,자동차부품,KOSDAQ,경기소비재
A072020,중앙백신,FGSC.35.20.20,제약,KOSDAQ,의료
A072470,우리산업홀딩스,FGSC.25.10.10,자동차부품,KOSDAQ,경기소비재
A072520,태양씨앤엘,FGSC.45.20.50,휴대폰 및 관련부품,KOSDAQ,IT
A072770,네오디안테크놀로지,FGSC.45.10.10,인터넷 서비스,KOSDAQ,IT
A072870,메가스터디,FGSC.25.30.20,교육,KOSDAQ,경기소비재
A072950,빛샘전자,FGSC.45.20.10,통신장비,KOSDAQ,IT
A072990,에이치시티,FGSC.45.20.30,전자 장비 및 기기,KOSDAQ,IT
A073010,케이에스피,FGSC.20.10.80,조선,KOSDAQ,산업재
A073070,넥센테크,FGSC.25.10.10,자동차부품,KOSDAQ,경기소비재
A073110,엘엠에스,FGSC.45.40.10,디스플레이 및 관련부품,KOSDAQ,IT
A073190,디비케이,FGSC.25.20.10,내구소비재,KOSDAQ,경기소비재
A073490,이노와이어리스,FGSC.45.20.10,통신장비,KOSDAQ,IT
A073540,에프알텍,FGSC.45.20.10,통신장비,KOSDAQ,IT
A073560,우리손에프앤지,FGSC.30.20.20,식료품,KOSDAQ,필수소비재
A073570,에이티테크놀러지,FGSC.45.30.10,반도체 및 관련장비,KOSDAQ,IT
A073640,삼원테크,FGSC.20.10.60,기계,KOSDAQ,산업재
A074430,아미노로직스,FGSC.35.20.20,제약,KOSDAQ,의료
A074600,원익QnC,FGSC.45.30.10,반도체 및 관련장비,KOSDAQ,IT
A075130,플랜티넷,FGSC.45.10.10,인터넷 서비스,KOSDAQ,IT
A075970,동국알앤에스,FGSC.15.10.40,금속 및 광물,KOSDAQ,소재
A076080,웰크론한텍,FGSC.20.10.30,건설,KOSDAQ,산업재
A076610,해성옵틱스,FGSC.45.20.50,휴대폰 및 관련부품,KOSDAQ,IT
A077280,한컴지엠디,FGSC.45.10.30,일반 소프트웨어,KOSDAQ,IT
A077360,덕산하이메탈,FGSC.45.30.10,반도체 및 관련장비,KOSDAQ,IT
A078020,이베스트투자증권,FGSC.40.50.10,증권,KOSDAQ,금융
A078070,유비쿼스홀딩스,FGSC.45.20.10,통신장비,KOSDAQ,IT
A078130,국일제지,FGSC.15.10.50,종이 및 목재,KOSDAQ,소재
A078140,대봉엘에스,FGSC.35.20.20,제약,KOSDAQ,의료
A078150,HB테크놀러지,FGSC.45.40.10,디스플레이 및 관련부품,KOSDAQ,IT
A078160,메디포스트,FGSC.35.20.10,바이오,KOSDAQ,의료
A078340,컴투스,FGSC.45.10.40,게임 소프트웨어,KOSDAQ,IT
A078350,한양디지텍,FGSC.45.30.10,반도체 및 관련장비,KOSDAQ,IT
A078590,두올산업,FGSC.25.10.10,자동차부품,KOSDAQ,경기소비재
A078600,대주전자재료,FGSC.45.20.30,전자 장비 및 기기,KOSDAQ,IT
A078650,코렌,FGSC.45.20.50,휴대폰 및 관련부품,KOSDAQ,IT
A078860,아이오케이,FGSC.25.40.10,미디어,KOSDAQ,경기소비재
A078890,가온미디어,FGSC.45.20.60,셋톱 박스,KOSDAQ,IT
A078940,일경산업개발,FGSC.10.10.10,에너지 시설 및 서비스,KOSDAQ,에너지
A079000,와토스코리아,FGSC.20.10.20,건축자재,KOSDAQ,산업재
A079170,한창산업,FGSC.15.10.10,화학,KOSDAQ,소재
A079190,EMW,FGSC.45.20.50,휴대폰 및 관련부품,KOSDAQ,IT
A079370,제우스,FGSC.45.30.10,반도체 및 관련장비,KOSDAQ,IT
A079650,서산,FGSC.15.10.20,건축소재,KOSDAQ,소재
A079810,디이엔티,FGSC.45.40.10,디스플레이 및 관련부품,KOSDAQ,IT
A079940,가비아,FGSC.45.10.10,인터넷 서비스,KOSDAQ,IT
A079950,인베니아,FGSC.45.40.10,디스플레이 및 관련부품,KOSDAQ,IT
A079960,동양이엔피,FGSC.45.20.30,전자 장비 및 기기,KOSDAQ,IT
A079970,투비소프트,FGSC.45.10.30,일반 소프트웨어,KOSDAQ,IT
A080000,에스엔유,FGSC.45.40.10,디스플레이 및 관련부품,KOSDAQ,IT
A080010,이상네트웍스,FGSC.45.10.10,인터넷 서비스,KOSDAQ,IT
A080160,모두투어,FGSC.25.30.10,호텔 및 레저,KOSDAQ,경기소비재
A080220,제주반도체,FGSC.45.20.50,휴대폰 및 관련부품,KOSDAQ,IT
A080420,모다이노칩,FGSC.45.20.30,전자 장비 및 기기,KOSDAQ,IT
A080440,에스제이케이,FGSC.25.10.10,자동차부품,KOSDAQ,경기소비재
A080470,성창오토텍,FGSC.25.10.10,자동차부품,KOSDAQ,경기소비재
A080520,오디텍,FGSC.45.30.10,반도체 및 관련장비,KOSDAQ,IT
A080530,코디,FGSC.30.30.20,개인생활용품,KOSDAQ,필수소비재
A080580,오킨스전자,FGSC.45.30.10,반도체 및 관련장비,KOSDAQ,IT
A081150,티플랙스,FGSC.15.10.40,금속 및 광물,KOSDAQ,소재
A081580,성우전자,FGSC.45.20.50,휴대폰 및 관련부품,KOSDAQ,IT
A081970,한솔넥스지,FGSC.45.10.30,일반 소프트웨어,KOSDAQ,IT
A082210,옵트론텍,FGSC.45.20.30,전자 장비 및 기기,KOSDAQ,IT
A082270,젬백스,FGSC.45.30.10,반도체 및 관련장비,KOSDAQ,IT
A082660,삼우엠스,FGSC.45.20.50,휴대폰 및 관련부품,KOSDAQ,IT
A082800,루미마이크로,FGSC.45.40.10,디스플레이 및 관련부품,KOSDAQ,IT
A082850,우리이티아이,FGSC.45.40.10,디스플레이 및 관련부품,KOSDAQ,IT
A082920,비츠로셀,FGSC.45.20.30,전자 장비 및 기기,KOSDAQ,IT
A083310,엘오티베큠,FGSC.45.30.10,반도체 및 관련장비,KOSDAQ,IT
A083450,GST,FGSC.45.30.10,반도체 및 관련장비,KOSDAQ,IT
A083470,KJ프리텍,FGSC.45.20.50,휴대폰 및 관련부품,KOSDAQ,IT
A083500,에프엔에스테크,FGSC.45.40.10,디스플레이 및 관련부품,KOSDAQ,IT
A083550,케이엠,FGSC.45.30.10,반도체 및 관련장비,KOSDAQ,IT
A083640,인콘,FGSC.45.20.70,보안장비,KOSDAQ,IT
A083650,비에이치아이,FGSC.20.10.60,기계,KOSDAQ,산업재
A083660,CSA 코스믹,FGSC.20.10.20,건축자재,KOSDAQ,산업재
A083790,크리스탈,FGSC.35.20.10,바이오,KOSDAQ,의료
A083930,아바코,FGSC.45.40.10,디스플레이 및 관련부품,KOSDAQ,IT
A084110,휴온스글로벌,FGSC.35.20.20,제약,KOSDAQ,의료
A084180,수성,FGSC.20.10.60,기계,KOSDAQ,산업재
A084370,유진테크,FGSC.45.30.10,반도체 및 관련장비,KOSDAQ,IT
A084650,랩지노믹스,FGSC.35.20.10,바이오,KOSDAQ,의료
A084730,팅크웨어,FGSC.25.10.10,자동차부품,KOSDAQ,경기소비재
A084990,바이로메드,FGSC.35.20.10,바이오,KOSDAQ,의료
A085370,루트로닉,FGSC.35.10.10,의료 장비 및 서비스,KOSDAQ,의료
A085660,차바이오텍,FGSC.35.10.10,의료 장비 및 서비스,KOSDAQ,의료
A085670,뉴프렉스,FGSC.45.20.30,전자 장비 및 기기,KOSDAQ,IT
A085810,알티캐스트,FGSC.45.10.30,일반 소프트웨어,KOSDAQ,IT
A085910,네오티스,FGSC.25.10.10,자동차부품,KOSDAQ,경기소비재
A086040,바이오톡스텍,FGSC.35.20.10,바이오,KOSDAQ,의료
A086060,진바이오텍,FGSC.35.20.20,제약,KOSDAQ,의료
A086250,화신테크,FGSC.25.10.10,자동차부품,KOSDAQ,경기소비재
A086390,유니테스트,FGSC.45.30.10,반도체 및 관련장비,KOSDAQ,IT
A086450,동국제약,FGSC.35.20.20,제약,KOSDAQ,의료
A086520,에코프로,FGSC.45.20.30,전자 장비 및 기기,KOSDAQ,IT
A086670,비엠티,FGSC.20.10.60,기계,KOSDAQ,산업재
A086890,이수앱지스,FGSC.35.20.10,바이오,KOSDAQ,의료
A086900,메디톡스,FGSC.35.20.20,제약,KOSDAQ,의료
A086960,MDS테크,FGSC.45.10.30,일반 소프트웨어,KOSDAQ,IT
A086980,쇼박스,FGSC.25.40.10,미디어,KOSDAQ,경기소비재
A087010,펩트론,FGSC.35.20.10,바이오,KOSDAQ,의료
A087220,스틸플라워,FGSC.15.10.40,금속 및 광물,KOSDAQ,소재
A087260,모바일어플라이언스,FGSC.25.10.10,자동차부품,KOSDAQ,경기소비재
A087600,픽셀플러스,FGSC.45.30.10,반도체 및 관련장비,KOSDAQ,IT
A087730,네패스신소재,FGSC.45.30.10,반도체 및 관련장비,KOSDAQ,IT
A088130,동아엘텍,FGSC.45.40.10,디스플레이 및 관련부품,KOSDAQ,IT
A088290,이원컴포텍,FGSC.25.10.10,자동차부품,KOSDAQ,경기소비재
A088390,이녹스,FGSC.45.20.30,전자 장비 및 기기,KOSDAQ,IT
A088800,에이스테크,FGSC.45.20.10,통신장비,KOSDAQ,IT
A088910,동우팜투테이블,FGSC.30.20.20,식료품,KOSDAQ,필수소비재
A089010,켐트로닉스,FGSC.15.10.10,화학,KOSDAQ,소재
A089030,테크윙,FGSC.45.30.10,반도체 및 관련장비,KOSDAQ,IT
A089140,넥스턴,FGSC.20.10.60,기계,KOSDAQ,산업재
A089150,케이씨티,FGSC.45.20.20,컴퓨터 및 주변기기,KOSDAQ,IT
A089230,THE E&M,FGSC.20.10.60,기계,KOSDAQ,산업재
A089530,에이티세미콘,FGSC.45.30.10,반도체 및 관련장비,KOSDAQ,IT
A089600,나스미디어,FGSC.25.40.10,미디어,KOSDAQ,경기소비재
A089790,제이티,FGSC.45.30.10,반도체 및 관련장비,KOSDAQ,IT
A089850,유비벨록스,FGSC.45.20.30,전자 장비 및 기기,KOSDAQ,IT
A089890,고려반도체,FGSC.45.30.10,반도체 및 관련장비,KOSDAQ,IT
A089980,상아프론테크,FGSC.45.40.10,디스플레이 및 관련부품,KOSDAQ,IT
A090150,광진윈텍,FGSC.25.10.10,자동차부품,KOSDAQ,경기소비재
A090360,로보스타,FGSC.20.10.60,기계,KOSDAQ,산업재
A090410,덕신하우징,FGSC.20.10.20,건축자재,KOSDAQ,산업재
A090460,비에이치,FGSC.45.20.30,전자 장비 및 기기,KOSDAQ,IT
A090470,제이스텍,FGSC.45.40.10,디스플레이 및 관련부품,KOSDAQ,IT
A090710,디에스티로봇,FGSC.20.10.60,기계,KOSDAQ,산업재
A090730,SIMPAC Metal,FGSC.15.10.40,금속 및 광물,KOSDAQ,소재
A090740,연이정보통신,FGSC.45.40.10,디스플레이 및 관련부품,KOSDAQ,IT
A090850,이지웰페어,FGSC.45.10.10,인터넷 서비스,KOSDAQ,IT
A091120,이엠텍,FGSC.45.20.50,휴대폰 및 관련부품,KOSDAQ,IT
A091340,S&K폴리텍,FGSC.45.20.30,전자 장비 및 기기,KOSDAQ,IT
A091440,텔레필드,FGSC.45.20.10,통신장비,KOSDAQ,IT
A091580,상신이디피,FGSC.45.20.30,전자 장비 및 기기,KOSDAQ,IT
A091590,남화토건,FGSC.20.10.30,건설,KOSDAQ,산업재
A091700,파트론,FGSC.45.20.50,휴대폰 및 관련부품,KOSDAQ,IT
A091970,나노캠텍,FGSC.15.10.10,화학,KOSDAQ,소재
A091990,셀트리온헬스케어,FGSC.35.20.10,바이오,KOSDAQ,의료
A092040,아미코젠,FGSC.35.20.20,제약,KOSDAQ,의료
A092070,디엔에프,FGSC.45.30.10,반도체 및 관련장비,KOSDAQ,IT
A092130,이크레더블,FGSC.45.10.10,인터넷 서비스,KOSDAQ,IT
A092300,현우산업,FGSC.45.20.30,전자 장비 및 기기,KOSDAQ,IT
A092460,한라IMS,FGSC.20.10.80,조선,KOSDAQ,산업재
A092600,넥스트칩,FGSC.45.20.70,보안장비,KOSDAQ,IT
A092730,네오팜,FGSC.30.30.20,개인생활용품,KOSDAQ,필수소비재
A092870,엑시콘,FGSC.45.30.10,반도체 및 관련장비,KOSDAQ,IT
A093190,빅솔론,FGSC.45.20.20,컴퓨터 및 주변기기,KOSDAQ,IT
A093320,케이아이엔엑스,FGSC.45.10.10,인터넷 서비스,KOSDAQ,IT
A093380,풍강,FGSC.25.10.10,자동차부품,KOSDAQ,경기소비재
A093520,매커스,FGSC.45.30.10,반도체 및 관련장비,KOSDAQ,IT
A093640,다믈멀티미디어,FGSC.45.30.10,반도체 및 관련장비,KOSDAQ,IT
A093920,서원인텍,FGSC.45.20.50,휴대폰 및 관련부품,KOSDAQ,IT
A094170,동운아나텍,FGSC.45.30.10,반도체 및 관련장비,KOSDAQ,IT
A094190,이엘케이,FGSC.45.20.50,휴대폰 및 관련부품,KOSDAQ,IT
A094360,칩스앤미디어,FGSC.45.30.10,반도체 및 관련장비,KOSDAQ,IT
A094480,갤럭시아컴즈,FGSC.45.10.10,인터넷 서비스,KOSDAQ,IT
A094820,일진파워,FGSC.10.10.10,에너지 시설 및 서비스,KOSDAQ,에너지
A094840,슈프리마에이치큐,FGSC.45.20.70,보안장비,KOSDAQ,IT
A094850,참좋은레져,FGSC.25.20.20,레저용품,KOSDAQ,경기소비재
A094860,코닉글로리,FGSC.45.10.30,일반 소프트웨어,KOSDAQ,IT
A094940,푸른기술,FGSC.45.20.20,컴퓨터 및 주변기기,KOSDAQ,IT
A094970,제이엠티,FGSC.45.40.10,디스플레이 및 관련부품,KOSDAQ,IT
A095190,이엠코리아,FGSC.20.10.60,기계,KOSDAQ,산업재
A095270,웨이브일렉트로,FGSC.45.20.10,통신장비,KOSDAQ,IT
A095300,엔에스브이,FGSC.20.10.60,기계,KOSDAQ,산업재
A095340,ISC,FGSC.45.30.10,반도체 및 관련장비,KOSDAQ,IT
A095500,미래나노텍,FGSC.45.40.10,디스플레이 및 관련부품,KOSDAQ,IT
A095610,테스,FGSC.45.30.10,반도체 및 관련장비,KOSDAQ,IT
A095660,네오위즈,FGSC.45.10.40,게임 소프트웨어,KOSDAQ,IT
A095700,제넥신,FGSC.35.20.10,바이오,KOSDAQ,의료
A095910,에스에너지,FGSC.10.10.10,에너지 시설 및 서비스,KOSDAQ,에너지
A096040,이트론,FGSC.45.10.20,IT 서비스,KOSDAQ,IT
A096240,청담러닝,FGSC.25.30.20,교육,KOSDAQ,경기소비재
A096350,대창솔루션,FGSC.20.10.80,조선,KOSDAQ,산업재
A096530,씨젠,FGSC.35.20.10,바이오,KOSDAQ,의료
A096610,알에프세미,FGSC.45.20.50,휴대폰 및 관련부품,KOSDAQ,IT
A096630,에스코넥,FGSC.45.20.50,휴대폰 및 관련부품,KOSDAQ,IT
A096640,멜파스,FGSC.45.20.50,휴대폰 및 관련부품,KOSDAQ,IT
A096690,제이스테판,FGSC.45.20.20,컴퓨터 및 주변기기,KOSDAQ,IT
A096870,엘디티,FGSC.45.40.10,디스플레이 및 관련부품,KOSDAQ,IT
A097520,엠씨넥스,FGSC.45.20.50,휴대폰 및 관련부품,KOSDAQ,IT
A097780,에스맥,FGSC.45.20.50,휴대폰 및 관련부품,KOSDAQ,IT
A097800,윈팩,FGSC.45.30.10,반도체 및 관련장비,KOSDAQ,IT
A097870,효성오앤비,FGSC.15.10.10,화학,KOSDAQ,소재
A098120,마이크로컨텍솔,FGSC.45.30.10,반도체 및 관련장비,KOSDAQ,IT
A098460,고영,FGSC.45.20.30,전자 장비 및 기기,KOSDAQ,IT
A098660,에스티오,FGSC.25.20.30,섬유 및 의복,KOSDAQ,경기소비재
A099190,아이센스,FGSC.35.10.10,의료 장비 및 서비스,KOSDAQ,의료
A099220,SDN,FGSC.20.10.80,조선,KOSDAQ,산업재
A099320,쎄트렉아이,FGSC.20.20.10,상업서비스,KOSDAQ,산업재
A099410,동방선기,FGSC.20.10.80,조선,KOSDAQ,산업재
A099440,스맥,FGSC.20.10.60,기계,KOSDAQ,산업재
A099520,ITX엠투엠,FGSC.45.20.70,보안장비,KOSDAQ,IT
A099660,한솔신텍,FGSC.10.10.10,에너지 시설 및 서비스,KOSDAQ,에너지
A099830,씨그널엔터테인먼트그룹,FGSC.25.40.10,미디어,KOSDAQ,경기소비재
A100030,모바일리더,FGSC.45.10.20,IT 서비스,KOSDAQ,IT
A100090,삼강엠앤티,FGSC.15.10.40,금속 및 광물,KOSDAQ,소재
A100120,뷰웍스,FGSC.35.10.10,의료 장비 및 서비스,KOSDAQ,의료
A100130,동국S&C,FGSC.10.10.10,에너지 시설 및 서비스,KOSDAQ,에너지
A100660,서암기계공업,FGSC.20.10.60,기계,KOSDAQ,산업재
A100700,세운메디칼,FGSC.35.10.10,의료 장비 및 서비스,KOSDAQ,의료
A101000,디엠씨,FGSC.20.10.80,조선,KOSDAQ,산업재
A101160,월덱스,FGSC.45.30.10,반도체 및 관련장비,KOSDAQ,IT
A101170,우림기계,FGSC.20.10.60,기계,KOSDAQ,산업재
A101240,씨큐브,FGSC.15.10.10,화학,KOSDAQ,소재
A101330,모베이스,FGSC.45.20.50,휴대폰 및 관련부품,KOSDAQ,IT
A101390,아이엠,FGSC.45.20.30,전자 장비 및 기기,KOSDAQ,IT
A101400,네오피델리티,FGSC.45.30.10,반도체 및 관련장비,KOSDAQ,IT
A101490,에스앤에스텍,FGSC.45.30.10,반도체 및 관련장비,KOSDAQ,IT
A101670,코리아에스이,FGSC.20.10.20,건축자재,KOSDAQ,산업재
A101680,한국정밀기계,FGSC.20.10.60,기계,KOSDAQ,산업재
A101730,조이맥스,FGSC.45.10.40,게임 소프트웨어,KOSDAQ,IT
A101930,인화정공,FGSC.20.10.80,조선,KOSDAQ,산업재
A102120,어보브반도체,FGSC.45.30.10,반도체 및 관련장비,KOSDAQ,IT
A102210,해덕파워웨이,FGSC.20.10.80,조선,KOSDAQ,산업재
A102710,이엔에프테크놀로지,FGSC.45.30.10,반도체 및 관련장비,KOSDAQ,IT
A102940,코오롱생명과학,FGSC.35.20.20,제약,KOSDAQ,의료
A103230,에스앤더블류,FGSC.20.10.80,조선,KOSDAQ,산업재
A104040,대성파인텍,FGSC.25.10.10,자동차부품,KOSDAQ,경기소비재
A104200,NHN벅스,FGSC.25.40.10,미디어,KOSDAQ,경기소비재
A104460,동양피엔에프,FGSC.20.10.60,기계,KOSDAQ,산업재
A104480,티케이케미칼,FGSC.15.10.10,화학,KOSDAQ,소재
A104540,코렌텍,FGSC.35.10.10,의료 장비 및 서비스,KOSDAQ,의료
A104830,원익머트리얼즈,FGSC.45.30.10,반도체 및 관련장비,KOSDAQ,IT
A105330,케이엔더블유,FGSC.25.10.10,자동차부품,KOSDAQ,경기소비재
A105550,트루윈,FGSC.25.10.10,자동차부품,KOSDAQ,경기소비재
A105740,디케이락,FGSC.20.10.60,기계,KOSDAQ,산업재
A106080,알비케이이엠디,FGSC.45.20.50,휴대폰 및 관련부품,KOSDAQ,IT
A106190,하이텍팜,FGSC.35.20.20,제약,KOSDAQ,의료
A106240,파인테크닉스,FGSC.45.40.10,디스플레이 및 관련부품,KOSDAQ,IT
A106520,디지탈옵틱,FGSC.45.20.50,휴대폰 및 관련부품,KOSDAQ,IT
A108230,톱텍,FGSC.45.40.10,디스플레이 및 관련부품,KOSDAQ,IT
A108320,실리콘웍스,FGSC.45.40.10,디스플레이 및 관련부품,KOSDAQ,IT
A108380,대양전기공업,FGSC.20.10.80,조선,KOSDAQ,산업재
A108790,인터파크,FGSC.25.50.20,온라인쇼핑,KOSDAQ,경기소비재
A108860,셀바스AI,FGSC.45.10.30,일반 소프트웨어,KOSDAQ,IT
A109080,옵티시스,FGSC.45.20.10,통신장비,KOSDAQ,IT
A109610,에스와이패널,FGSC.20.10.20,건축자재,KOSDAQ,산업재
A109740,디에스케이,FGSC.45.40.10,디스플레이 및 관련부품,KOSDAQ,IT
A109820,진매트릭스,FGSC.35.20.10,바이오,KOSDAQ,의료
A109860,동일금속,FGSC.20.10.60,기계,KOSDAQ,산업재
A109960,에이프로젠 H&G,FGSC.45.10.40,게임 소프트웨어,KOSDAQ,IT
A111820,처음앤씨,FGSC.45.10.10,인터넷 서비스,KOSDAQ,IT
A111870,삼본정밀전자,FGSC.25.20.10,내구소비재,KOSDAQ,경기소비재
A112040,위메이드,FGSC.45.10.40,게임 소프트웨어,KOSDAQ,IT
A112240,에스에프씨,FGSC.10.10.10,에너지 시설 및 서비스,KOSDAQ,에너지
A113810,디젠스,FGSC.25.10.10,자동차부품,KOSDAQ,경기소비재
A114120,크루셜텍,FGSC.45.20.50,휴대폰 및 관련부품,KOSDAQ,IT
A114190,웰크론강원,FGSC.10.10.10,에너지 시설 및 서비스,KOSDAQ,에너지
A114450,KPX생명과학,FGSC.35.20.20,제약,KOSDAQ,의료
A114570,지스마트글로벌,FGSC.45.30.10,반도체 및 관련장비,KOSDAQ,IT
A114630,우노앤컴퍼니,FGSC.25.20.30,섬유 및 의복,KOSDAQ,경기소비재
A114810,아이원스,FGSC.45.40.10,디스플레이 및 관련부품,KOSDAQ,IT
A115160,휴맥스,FGSC.45.20.60,셋톱 박스,KOSDAQ,IT
A115180,큐리언트,FGSC.35.20.20,제약,KOSDAQ,의료
A115310,인포바인,FGSC.45.10.10,인터넷 서비스,KOSDAQ,IT
A115440,우리넷,FGSC.45.20.10,통신장비,KOSDAQ,IT
A115450,지트리비앤티,FGSC.45.10.30,일반 소프트웨어,KOSDAQ,IT
A115480,씨유메디칼,FGSC.35.10.10,의료 장비 및 서비스,KOSDAQ,의료
A115500,케이씨에스,FGSC.45.10.20,IT 서비스,KOSDAQ,IT
A115530,씨엔플러스,FGSC.45.40.10,디스플레이 및 관련부품,KOSDAQ,IT
A115570,스타플렉스,FGSC.25.40.10,미디어,KOSDAQ,경기소비재
A115610,이미지스,FGSC.45.20.50,휴대폰 및 관련부품,KOSDAQ,IT
A115960,연우,FGSC.15.10.30,용기 및 포장,KOSDAQ,소재
A117670,알파홀딩스,FGSC.45.30.10,반도체 및 관련장비,KOSDAQ,IT
A118990,모트렉스,FGSC.25.10.10,자동차부품,KOSDAQ,경기소비재
A119500,포메탈,FGSC.20.10.60,기계,KOSDAQ,산업재
A119610,인터로조,FGSC.35.10.10,의료 장비 및 서비스,KOSDAQ,의료
A119830,아이텍반도체,FGSC.45.30.10,반도체 및 관련장비,KOSDAQ,IT
A119850,지엔씨에너지,FGSC.20.10.40,전기장비,KOSDAQ,산업재
A119860,다나와,FGSC.25.50.20,온라인쇼핑,KOSDAQ,경기소비재
A120240,대정화금,FGSC.15.10.10,화학,KOSDAQ,소재
A121440,골프존뉴딘,FGSC.25.30.10,호텔 및 레저,KOSDAQ,경기소비재
A121600,나노신소재,FGSC.15.10.40,금속 및 광물,KOSDAQ,소재
A121800,비덴트,FGSC.25.40.10,미디어,KOSDAQ,경기소비재
A121850,코이즈,FGSC.45.40.10,디스플레이 및 관련부품,KOSDAQ,IT
A121890,에스디시스템,FGSC.20.30.50,운송인프라,KOSDAQ,산업재
A122350,삼기오토모티브,FGSC.25.10.10,자동차부품,KOSDAQ,경기소비재
A122450,KMH,FGSC.25.40.10,미디어,KOSDAQ,경기소비재
A122640,예스티,FGSC.45.30.10,반도체 및 관련장비,KOSDAQ,IT
A122690,서진오토모티브,FGSC.25.10.10,자동차부품,KOSDAQ,경기소비재
A122800,썬텍,FGSC.15.10.40,금속 및 광물,KOSDAQ,소재
A122870,와이지엔터테인먼트,FGSC.25.40.10,미디어,KOSDAQ,경기소비재
A122990,와이솔,FGSC.45.20.50,휴대폰 및 관련부품,KOSDAQ,IT
A123010,옵토팩,FGSC.45.30.10,반도체 및 관련장비,KOSDAQ,IT
A123040,엠에스오토텍,FGSC.25.10.10,자동차부품,KOSDAQ,경기소비재
A123100,테라세미콘,FGSC.45.40.10,디스플레이 및 관련부품,KOSDAQ,IT
A123260,사파이어테크놀로지,FGSC.45.40.10,디스플레이 및 관련부품,KOSDAQ,IT
A123330,제닉,FGSC.30.30.20,개인생활용품,KOSDAQ,필수소비재
A123410,코리아에프티,FGSC.25.10.10,자동차부품,KOSDAQ,경기소비재
A123420,선데이토즈,FGSC.45.10.40,게임 소프트웨어,KOSDAQ,IT
A123570,이엠넷,FGSC.25.40.10,미디어,KOSDAQ,경기소비재
A123750,알톤스포츠,FGSC.25.20.20,레저용품,KOSDAQ,경기소비재
A123840,한일진공,FGSC.45.20.50,휴대폰 및 관련부품,KOSDAQ,IT
A123860,아나패스,FGSC.45.40.10,디스플레이 및 관련부품,KOSDAQ,IT
A124500,아이티센,FGSC.45.10.20,IT 서비스,KOSDAQ,IT
A126600,코프라,FGSC.25.10.10,자동차부품,KOSDAQ,경기소비재
A126640,화신정공,FGSC.25.10.10,자동차부품,KOSDAQ,경기소비재
A126700,하이비젼시스템,FGSC.45.20.50,휴대폰 및 관련부품,KOSDAQ,IT
A126870,뉴로스,FGSC.20.10.60,기계,KOSDAQ,산업재
A126880,제이엔케이히터,FGSC.10.10.10,에너지 시설 및 서비스,KOSDAQ,에너지
A127120,디엔에이링크,FGSC.35.20.10,바이오,KOSDAQ,의료
A127160,매직마이크로,FGSC.45.30.10,반도체 및 관련장비,KOSDAQ,IT
A127710,아시아경제,FGSC.25.40.10,미디어,KOSDAQ,경기소비재
A128660,피제이메탈,FGSC.15.10.40,금속 및 광물,KOSDAQ,소재
A130500,GH신소재,FGSC.25.10.10,자동차부품,KOSDAQ,경기소비재
A130580,나이스디앤비,FGSC.20.20.10,상업서비스,KOSDAQ,산업재
A130740,티피씨글로벌,FGSC.25.10.10,자동차부품,KOSDAQ,경기소비재
A130960,CJ E&M,FGSC.25.40.10,미디어,KOSDAQ,경기소비재
A131030,디에이치피코리아,FGSC.35.20.20,제약,KOSDAQ,의료
A131090,시큐브,FGSC.45.10.30,일반 소프트웨어,KOSDAQ,IT
A131100,리켐,FGSC.15.10.10,화학,KOSDAQ,소재
A131180,딜리,FGSC.45.20.20,컴퓨터 및 주변기기,KOSDAQ,IT
A131220,대한과학,FGSC.35.10.10,의료 장비 및 서비스,KOSDAQ,의료
A131290,티에스이,FGSC.45.30.10,반도체 및 관련장비,KOSDAQ,IT
A131370,알서포트,FGSC.45.10.30,일반 소프트웨어,KOSDAQ,IT
A131390,피앤이솔루션,FGSC.45.20.30,전자 장비 및 기기,KOSDAQ,IT
A131400,액트,FGSC.45.20.30,전자 장비 및 기기,KOSDAQ,IT
A131760,파인텍,FGSC.45.40.10,디스플레이 및 관련부품,KOSDAQ,IT
A131970,테스나,FGSC.45.30.10,반도체 및 관련장비,KOSDAQ,IT
A133750,메가엠디,FGSC.25.30.20,교육,KOSDAQ,경기소비재
A134060,이퓨쳐,FGSC.25.30.20,교육,KOSDAQ,경기소비재
A134580,디엠티,FGSC.45.20.60,셋톱 박스,KOSDAQ,IT
A134780,화진,FGSC.25.10.10,자동차부품,KOSDAQ,경기소비재
A136480,하림,FGSC.30.20.20,식료품,KOSDAQ,필수소비재
A136510,쎄미시스코,FGSC.45.40.10,디스플레이 및 관련부품,KOSDAQ,IT
A136540,윈스,FGSC.45.10.30,일반 소프트웨어,KOSDAQ,IT
A137400,피엔티,FGSC.45.20.30,전자 장비 및 기기,KOSDAQ,IT
A137940,넥스트아이,FGSC.45.40.10,디스플레이 및 관련부품,KOSDAQ,IT
A137950,제이씨케미칼,FGSC.10.10.10,에너지 시설 및 서비스,KOSDAQ,에너지
A138070,신진에스엠,FGSC.20.10.60,기계,KOSDAQ,산업재
A138080,오이솔루션,FGSC.45.20.10,통신장비,KOSDAQ,IT
A138360,에이씨티,FGSC.35.20.10,바이오,KOSDAQ,의료
A138610,나이벡,FGSC.35.20.10,바이오,KOSDAQ,의료
A138690,엘아이에스,FGSC.20.10.50,복합 산업,KOSDAQ,산업재
A139050,아이지스시스템,FGSC.20.30.50,운송인프라,KOSDAQ,산업재
A139670,넥스트리밍,FGSC.45.10.30,일반 소프트웨어,KOSDAQ,IT
A140070,서플러스글로벌,FGSC.45.30.10,반도체 및 관련장비,KOSDAQ,IT
A140410,메지온,FGSC.35.20.20,제약,KOSDAQ,의료
A140520,대창스틸,FGSC.20.10.20,건축자재,KOSDAQ,산업재
A140670,알에스오토메이션,FGSC.20.10.60,기계,KOSDAQ,산업재
A140860,파크시스템스,FGSC.45.20.30,전자 장비 및 기기,KOSDAQ,IT
A141000,비아트론,FGSC.45.40.10,디스플레이 및 관련부품,KOSDAQ,IT
A141020,포티스,FGSC.25.50.20,온라인쇼핑,KOSDAQ,경기소비재
A141070,맥스로텍,FGSC.20.10.60,기계,KOSDAQ,산업재
A141080,레고켐바이오,FGSC.35.20.10,바이오,KOSDAQ,의료
A142210,유니트론텍,FGSC.45.30.10,반도체 및 관련장비,KOSDAQ,IT
A142280,녹십자엠에스,FGSC.35.20.10,바이오,KOSDAQ,의료
A142760,바이오리더스,FGSC.35.20.10,바이오,KOSDAQ,의료
A143160,아이디스,FGSC.45.20.70,보안장비,KOSDAQ,IT
A143240,사람인에이치알,FGSC.20.20.10,상업서비스,KOSDAQ,산업재
A143540,영우디에스피,FGSC.45.40.10,디스플레이 및 관련부품,KOSDAQ,IT
A144510,녹십자랩셀,FGSC.35.20.10,바이오,KOSDAQ,의료
A144960,뉴파워프라즈마,FGSC.45.30.10,반도체 및 관련장비,KOSDAQ,IT
A145020,휴젤,FGSC.35.20.20,제약,KOSDAQ,의료
A147760,마이크로프랜드,FGSC.45.30.10,반도체 및 관련장비,KOSDAQ,IT
A147830,제룡산업,FGSC.20.10.60,기계,KOSDAQ,산업재
A148250,알엔투테크놀로지,FGSC.45.20.30,전자 장비 및 기기,KOSDAQ,IT
A149940,모다,FGSC.45.20.10,통신장비,KOSDAQ,IT
A149950,아바텍,FGSC.45.40.10,디스플레이 및 관련부품,KOSDAQ,IT
A149980,하이로닉,FGSC.35.10.10,의료 장비 및 서비스,KOSDAQ,의료
A150840,인트로메딕,FGSC.35.10.10,의료 장비 및 서비스,KOSDAQ,의료
A150900,파수닷컴,FGSC.45.10.30,일반 소프트웨어,KOSDAQ,IT
A151860,KG ETS,FGSC.10.10.10,에너지 시설 및 서비스,KOSDAQ,에너지
A151910,나노스,FGSC.45.20.50,휴대폰 및 관련부품,KOSDAQ,IT
A153460,네이블,FGSC.45.10.30,일반 소프트웨어,KOSDAQ,IT
A153490,우리이앤엘,FGSC.45.40.10,디스플레이 및 관련부품,KOSDAQ,IT
A154040,솔루에타,FGSC.45.20.30,전자 장비 및 기기,KOSDAQ,IT
A155650,와이엠씨,FGSC.45.40.10,디스플레이 및 관련부품,KOSDAQ,IT
A155960,지디,FGSC.45.40.10,디스플레이 및 관련부품,KOSDAQ,IT
A156100,엘앤케이바이오,FGSC.35.10.10,의료 장비 및 서비스,KOSDAQ,의료
A158310,인터불스,FGSC.20.10.60,기계,KOSDAQ,산업재
A159580,제로투세븐,FGSC.25.20.30,섬유 및 의복,KOSDAQ,경기소비재
A159910,스킨앤스킨,FGSC.45.40.10,디스플레이 및 관련부품,KOSDAQ,IT
A160550,NEW,FGSC.25.40.10,미디어,KOSDAQ,경기소비재
A160600,에스엔텍,FGSC.45.30.10,반도체 및 관련장비,KOSDAQ,IT
A160980,싸이맥스,FGSC.45.30.10,반도체 및 관련장비,KOSDAQ,IT
A161570,미동앤씨네마,FGSC.25.10.10,자동차부품,KOSDAQ,경기소비재
A161580,필옵틱스,FGSC.45.40.10,디스플레이 및 관련부품,KOSDAQ,IT
A166090,하나머티리얼즈,FGSC.45.30.10,반도체 및 관련장비,KOSDAQ,IT
A166480,코아스템,FGSC.35.20.10,바이오,KOSDAQ,의료
A168330,내츄럴엔도텍,FGSC.35.20.10,바이오,KOSDAQ,의료
A170030,현대공업,FGSC.25.10.10,자동차부품,KOSDAQ,경기소비재
A170790,파이오링크,FGSC.45.20.10,통신장비,KOSDAQ,IT
A170920,엘티씨,FGSC.45.30.10,반도체 및 관련장비,KOSDAQ,IT
A171010,램테크놀러지,FGSC.45.30.10,반도체 및 관련장비,KOSDAQ,IT
A171120,라이온켐텍,FGSC.15.10.20,건축소재,KOSDAQ,소재
A173940,에프엔씨엔터,FGSC.25.40.10,미디어,KOSDAQ,경기소비재
A174880,장원테크,FGSC.45.20.50,휴대폰 및 관련부품,KOSDAQ,IT
A175140,인포마크,FGSC.45.20.50,휴대폰 및 관련부품,KOSDAQ,IT
A176440,에이치엔티,FGSC.45.20.50,휴대폰 및 관련부품,KOSDAQ,IT
A177350,베셀,FGSC.45.40.10,디스플레이 및 관련부품,KOSDAQ,IT
A177830,파버나인,FGSC.15.10.40,금속 및 광물,KOSDAQ,소재
A178320,서진시스템,FGSC.45.20.10,통신장비,KOSDAQ,IT
A178780,유테크,FGSC.45.40.10,디스플레이 및 관련부품,KOSDAQ,IT
A178920,SKC코오롱PI,FGSC.15.10.10,화학,KOSDAQ,소재
A180400,엠지메드,FGSC.35.20.10,바이오,KOSDAQ,의료
A181340,이즈미디어,FGSC.45.20.50,휴대폰 및 관련부품,KOSDAQ,IT
A182360,큐브엔터,FGSC.25.40.10,미디어,KOSDAQ,경기소비재
A182400,에이티젠,FGSC.35.20.10,바이오,KOSDAQ,의료
A182690,테라셈,FGSC.45.20.30,전자 장비 및 기기,KOSDAQ,IT
A183300,코미코,FGSC.45.30.10,반도체 및 관련장비,KOSDAQ,IT
A184230,SGA솔루션즈,FGSC.45.10.30,일반 소프트웨어,KOSDAQ,IT
A185490,아이진,FGSC.35.20.10,바이오,KOSDAQ,의료
A187220,디티앤씨,FGSC.45.20.10,통신장비,KOSDAQ,IT
A187270,신화콘텍,FGSC.45.20.50,휴대폰 및 관련부품,KOSDAQ,IT
A187420,제노포커스,FGSC.35.20.10,바이오,KOSDAQ,의료
A187790,나노,FGSC.25.10.10,자동차부품,KOSDAQ,경기소비재
A189300,인텔리안테크,FGSC.45.20.10,통신장비,KOSDAQ,IT
A189690,포시에스,FGSC.45.10.30,일반 소프트웨어,KOSDAQ,IT
A189860,서전기전,FGSC.20.10.40,전기장비,KOSDAQ,산업재
A189980,흥국에프엔비,FGSC.30.20.10,음료,KOSDAQ,필수소비재
A190510,나무가,FGSC.45.20.50,휴대폰 및 관련부품,KOSDAQ,IT
A191410,육일씨엔에쓰,FGSC.45.20.50,휴대폰 및 관련부품,KOSDAQ,IT
A191420,테고사이언스,FGSC.35.20.10,바이오,KOSDAQ,의료
A192080,더블유게임즈,FGSC.45.10.40,게임 소프트웨어,KOSDAQ,IT
A192250,케이사인,FGSC.45.10.20,IT 서비스,KOSDAQ,IT
A192390,윈하이텍,FGSC.20.10.20,건축자재,KOSDAQ,산업재
A192410,감마누,FGSC.45.20.10,통신장비,KOSDAQ,IT
A192440,슈피겐코리아,FGSC.45.20.50,휴대폰 및 관련부품,KOSDAQ,IT
A193250,와이제이엠게임즈,FGSC.45.20.50,휴대폰 및 관련부품,KOSDAQ,IT
A194480,데브시스터즈,FGSC.45.10.40,게임 소프트웨어,KOSDAQ,IT
A194510,파티게임즈,FGSC.45.10.40,게임 소프트웨어,KOSDAQ,IT
A194610,우성아이비,FGSC.25.20.20,레저용품,KOSDAQ,경기소비재
A195440,퓨전데이타,FGSC.45.10.20,IT 서비스,KOSDAQ,IT
A195990,유지인트,FGSC.20.10.60,기계,KOSDAQ,산업재
A196170,알테오젠,FGSC.35.20.10,바이오,KOSDAQ,의료
A196300,애니젠,FGSC.35.20.10,바이오,KOSDAQ,의료
A196450,온다 엔터테인먼트,FGSC.45.20.50,휴대폰 및 관련부품,KOSDAQ,IT
A196490,디에이테크놀로지,FGSC.45.20.30,전자 장비 및 기기,KOSDAQ,IT
A196700,웹스,FGSC.15.10.10,화학,KOSDAQ,소재
A197210,리드,FGSC.45.40.10,디스플레이 및 관련부품,KOSDAQ,IT
A198440,고려시멘트,FGSC.15.10.20,건축소재,KOSDAQ,소재
A200130,콜마비앤에이치,FGSC.30.30.20,개인생활용품,KOSDAQ,필수소비재
A200230,텔콘,FGSC.45.20.10,통신장비,KOSDAQ,IT
A200470,하이셈,FGSC.45.30.10,반도체 및 관련장비,KOSDAQ,IT
A200670,휴메딕스,FGSC.35.20.10,바이오,KOSDAQ,의료
A200710,에이디테크놀로지,FGSC.45.30.10,반도체 및 관련장비,KOSDAQ,IT
A200780,비씨월드제약,FGSC.35.20.20,제약,KOSDAQ,의료
A201490,미투온,FGSC.45.10.40,게임 소프트웨어,KOSDAQ,IT
A203450,유니온커뮤니티,FGSC.45.20.70,보안장비,KOSDAQ,IT
A203650,드림시큐리티,FGSC.45.10.30,일반 소프트웨어,KOSDAQ,IT
A203690,프로스테믹스,FGSC.35.20.10,바이오,KOSDAQ,의료
A204620,유안타제1호스팩,FGSC.40.20.10,창업투자 및 종금,KOSDAQ,금융
A204630,화이브라더스코리아,FGSC.25.40.10,미디어,KOSDAQ,경기소비재
A204840,지엘팜텍,FGSC.35.20.20,제약,KOSDAQ,의료
A204990,현성바이탈,FGSC.30.20.20,식료품,KOSDAQ,필수소비재
A205100,엑셈,FGSC.45.10.20,IT 서비스,KOSDAQ,IT
A205470,하이제2호스팩,FGSC.40.20.10,창업투자 및 종금,KOSDAQ,금융
A205500,액션스퀘어,FGSC.45.10.40,게임 소프트웨어,KOSDAQ,IT
A206400,엔터메이트,FGSC.45.10.40,게임 소프트웨어,KOSDAQ,IT
A206560,덱스터,FGSC.25.40.10,미디어,KOSDAQ,경기소비재
A206640,바디텍메드,FGSC.35.10.10,의료 장비 및 서비스,KOSDAQ,의료
A206650,유바이오로직스,FGSC.35.20.10,바이오,KOSDAQ,의료
A206660,골든브릿지제2호스팩,FGSC.40.20.10,창업투자 및 종금,KOSDAQ,금융
A207720,엔에이치SL스팩,FGSC.40.20.10,창업투자 및 종금,KOSDAQ,금융
A207760,미스터블루,FGSC.25.40.10,미디어,KOSDAQ,경기소비재
A207930,SK1호스팩,FGSC.40.20.10,창업투자 및 종금,KOSDAQ,금융
A208140,정다운,FGSC.30.20.20,식료품,KOSDAQ,필수소비재
A208350,지란지교시큐리티,FGSC.45.10.30,일반 소프트웨어,KOSDAQ,IT
A208370,셀바스헬스케어,FGSC.35.10.10,의료 장비 및 서비스,KOSDAQ,의료
A208640,썸에이지,FGSC.45.10.40,게임 소프트웨어,KOSDAQ,IT
A208710,바이오로그디바이스,FGSC.45.20.50,휴대폰 및 관련부품,KOSDAQ,IT
A208860,엔지스테크널러지,FGSC.45.10.30,일반 소프트웨어,KOSDAQ,IT
A211270,AP위성,FGSC.45.20.10,통신장비,KOSDAQ,IT
A212560,네오오토,FGSC.25.10.10,자동차부품,KOSDAQ,경기소비재
A213090,미래테크놀로지,FGSC.45.20.20,컴퓨터 및 주변기기,KOSDAQ,IT
A213420,덕산네오룩스,FGSC.45.40.10,디스플레이 및 관련부품,KOSDAQ,IT
A214150,케이티비스팩2호,FGSC.40.20.10,창업투자 및 종금,KOSDAQ,금융
A214180,민앤지,FGSC.45.10.20,IT 서비스,KOSDAQ,IT
A214270,퓨쳐스트림네트웍스,FGSC.25.40.10,미디어,KOSDAQ,경기소비재
A214310,세미콘라이트,FGSC.45.30.10,반도체 및 관련장비,KOSDAQ,IT
A214370,케어젠,FGSC.30.30.20,개인생활용품,KOSDAQ,필수소비재
A214430,아이쓰리시스템,FGSC.45.20.10,통신장비,KOSDAQ,IT
A214450,파마리서치프로덕트,FGSC.35.20.10,바이오,KOSDAQ,의료
A214680,디알텍,FGSC.35.10.10,의료 장비 및 서비스,KOSDAQ,의료
A214870,에치디프로,FGSC.45.20.70,보안장비,KOSDAQ,IT
A215000,골프존,FGSC.25.30.10,호텔 및 레저,KOSDAQ,경기소비재
A215090,유진에이씨피씨스팩2호,FGSC.40.20.10,창업투자 및 종금,KOSDAQ,금융
A215100,하나머스트4호스팩,FGSC.40.20.10,창업투자 및 종금,KOSDAQ,금융
A215200,메가스터디교육,FGSC.25.30.20,교육,KOSDAQ,경기소비재
A215360,우리산업,FGSC.25.10.10,자동차부품,KOSDAQ,경기소비재
A215380,우정비에스씨,FGSC.35.20.10,바이오,KOSDAQ,의료
A215480,토박스코리아,FGSC.25.20.30,섬유 및 의복,KOSDAQ,경기소비재
A215580,대우스팩3호,FGSC.40.20.10,창업투자 및 종금,KOSDAQ,금융
A215600,신라젠,FGSC.35.20.10,바이오,KOSDAQ,의료
A215750,미래에셋제3호스팩,FGSC.40.20.10,창업투자 및 종금,KOSDAQ,금융
A215790,이노인스트루먼트,FGSC.45.20.10,통신장비,KOSDAQ,IT
A216050,인크로스,FGSC.25.40.10,미디어,KOSDAQ,경기소비재
A217190,제너셈,FGSC.45.30.10,반도체 및 관련장비,KOSDAQ,IT
A217270,넵튠,FGSC.45.10.40,게임 소프트웨어,KOSDAQ,IT
A217480,에스디생명공학,FGSC.30.30.20,개인생활용품,KOSDAQ,필수소비재
A217500,하이제3호스팩,FGSC.40.20.10,창업투자 및 종금,KOSDAQ,금융
A217600,켐온,FGSC.35.20.10,바이오,KOSDAQ,의료
A217620,한화ACPC스팩,FGSC.40.20.10,창업투자 및 종금,KOSDAQ,금융
A217730,강스템바이오텍,FGSC.35.20.10,바이오,KOSDAQ,의료
A217810,엔에이치스팩7호,FGSC.40.20.10,창업투자 및 종금,KOSDAQ,금융
A217820,엔에스,FGSC.45.20.30,전자 장비 및 기기,KOSDAQ,IT
A218150,하나머스트5호스팩,FGSC.40.20.10,창업투자 및 종금,KOSDAQ,금융
A218410,엔에이치스팩8호,FGSC.40.20.10,창업투자 및 종금,KOSDAQ,금융
A218710,키움스팩3호,FGSC.40.20.10,창업투자 및 종금,KOSDAQ,금융
A219130,타이거일렉,FGSC.45.30.10,반도체 및 관련장비,KOSDAQ,IT
A219550,MP한강,FGSC.30.30.20,개인생활용품,KOSDAQ,필수소비재
A219580,골든브릿지제3호스팩,FGSC.40.20.10,창업투자 및 종금,KOSDAQ,금융
A219860,한화에이스스팩2호,FGSC.40.20.10,창업투자 및 종금,KOSDAQ,금융
A219960,유안타제2호스팩,FGSC.40.20.10,창업투자 및 종금,KOSDAQ,금융
A220100,퓨쳐켐,FGSC.35.20.20,제약,KOSDAQ,의료
A220180,핸디소프트,FGSC.45.10.30,일반 소프트웨어,KOSDAQ,IT
A220260,케이프이에스스팩,FGSC.40.20.10,창업투자 및 종금,KOSDAQ,금융
A220630,해마로푸드서비스,FGSC.25.30.10,호텔 및 레저,KOSDAQ,경기소비재
A221200,유진스팩3호,FGSC.40.20.10,창업투자 및 종금,KOSDAQ,금융
A221610,한솔씨앤피,FGSC.15.10.10,화학,KOSDAQ,소재
A221840,하이즈항공,FGSC.20.30.50,운송인프라,KOSDAQ,산업재
A221950,케이비드림3호스팩,FGSC.40.20.10,창업투자 및 종금,KOSDAQ,금융
A221980,케이디켐,FGSC.15.10.10,화학,KOSDAQ,소재
A222040,뉴트리바이오텍,FGSC.30.20.20,식료품,KOSDAQ,필수소비재
A222080,씨아이에스,FGSC.45.20.30,전자 장비 및 기기,KOSDAQ,IT
A222110,팬젠,FGSC.35.20.10,바이오,KOSDAQ,의료
A222390,케이비제8호스팩,FGSC.40.20.10,창업투자 및 종금,KOSDAQ,금융
A222420,쎄노텍,FGSC.15.10.10,화학,KOSDAQ,소재
A222800,심텍,FGSC.45.20.30,전자 장비 및 기기,KOSDAQ,IT
A222810,닉스테크,FGSC.45.10.30,일반 소프트웨어,KOSDAQ,IT
A222980,한국맥널티,FGSC.30.20.20,식료품,KOSDAQ,필수소비재
A223040,교보5호스팩,FGSC.40.20.10,창업투자 및 종금,KOSDAQ,금융
A223310,이에스브이,FGSC.25.10.10,자동차부품,KOSDAQ,경기소비재
A224060,코디엠,FGSC.45.30.10,반도체 및 관련장비,KOSDAQ,IT
A224110,에이텍티앤,FGSC.45.20.30,전자 장비 및 기기,KOSDAQ,IT
A225190,삼양옵틱스,FGSC.25.20.10,내구소비재,KOSDAQ,경기소비재
A225330,씨엠에스에듀,FGSC.25.30.20,교육,KOSDAQ,경기소비재
A225430,IBKS제3호스팩,FGSC.40.20.10,창업투자 및 종금,KOSDAQ,금융
A225440,이베스트스팩3호,FGSC.40.20.10,창업투자 및 종금,KOSDAQ,금융
A225530,보광산업,FGSC.15.10.20,건축소재,KOSDAQ,소재
A225570,넷게임즈,FGSC.45.10.40,게임 소프트웨어,KOSDAQ,IT
A225590,신영스팩2호,FGSC.40.20.10,창업투자 및 종금,KOSDAQ,금융
A225650,쿠첸,FGSC.25.20.10,내구소비재,KOSDAQ,경기소비재
A226340,에이치엠씨3호스팩,FGSC.40.20.10,창업투자 및 종금,KOSDAQ,금융
A226350,아이엠텍,FGSC.45.20.50,휴대폰 및 관련부품,KOSDAQ,IT
A226360,케이비드림4호스팩,FGSC.40.20.10,창업투자 및 종금,KOSDAQ,금융
A226440,동부스팩3호,FGSC.40.20.10,창업투자 및 종금,KOSDAQ,금융
A226850,키움스팩4호,FGSC.40.20.10,창업투자 및 종금,KOSDAQ,금융
A227610,아우딘퓨쳐스,FGSC.30.30.20,개인생활용품,KOSDAQ,필수소비재
A227950,골든브릿지제4호스팩,FGSC.40.20.10,창업투자 및 종금,KOSDAQ,금융
A228340,동양파일,FGSC.15.10.20,건축소재,KOSDAQ,소재
A228850,레이언스,FGSC.35.10.10,의료 장비 및 서비스,KOSDAQ,의료
A230240,하나금융7호스팩,FGSC.40.20.10,창업투자 및 종금,KOSDAQ,금융
A230360,에코마케팅,FGSC.25.40.10,미디어,KOSDAQ,경기소비재
A230490,동부제4호스팩,FGSC.40.20.10,창업투자 및 종금,KOSDAQ,금융
A230980,솔트웍스,FGSC.45.10.30,일반 소프트웨어,KOSDAQ,IT
A232140,와이아이케이,FGSC.45.30.10,반도체 및 관련장비,KOSDAQ,IT
A232270,케이비제9호스팩,FGSC.40.20.10,창업투자 및 종금,KOSDAQ,금융
A232330,SK3호스팩,FGSC.40.20.10,창업투자 및 종금,KOSDAQ,금융
A234920,자이글,FGSC.25.20.10,내구소비재,KOSDAQ,경기소비재
A235010,하이에이아이1호스팩,FGSC.40.20.10,창업투자 및 종금,KOSDAQ,금융
A236200,슈프리마,FGSC.45.20.70,보안장비,KOSDAQ,IT
A237690,에스티팜,FGSC.35.20.20,제약,KOSDAQ,의료
A237750,피앤씨테크,FGSC.20.10.40,전기장비,KOSDAQ,산업재
A237880,클리오,FGSC.30.30.20,개인생활용품,KOSDAQ,필수소비재
A238090,앤디포스,FGSC.45.20.50,휴대폰 및 관련부품,KOSDAQ,IT
A238120,로고스바이오,FGSC.35.10.10,의료 장비 및 서비스,KOSDAQ,의료
A238490,힘스,FGSC.45.40.10,디스플레이 및 관련부품,KOSDAQ,IT
A239340,미래에셋제5호스팩,FGSC.40.20.10,창업투자 및 종금,KOSDAQ,금융
A239610,에이치엘사이언스,FGSC.35.20.20,제약,KOSDAQ,의료
A240540,한국4호스팩,FGSC.40.20.10,창업투자 및 종금,KOSDAQ,금융
A240810,원익IPS,FGSC.45.30.10,반도체 및 관련장비,KOSDAQ,IT
A241520,DSC인베스트먼트,FGSC.40.20.10,창업투자 및 종금,KOSDAQ,금융
A241690,유니테크노,FGSC.25.10.10,자동차부품,KOSDAQ,경기소비재
A241710,코스메카코리아,FGSC.30.30.20,개인생활용품,KOSDAQ,필수소비재
A241790,오션브릿지,FGSC.45.30.10,반도체 및 관련장비,KOSDAQ,IT
A241820,피씨엘,FGSC.35.10.10,의료 장비 및 서비스,KOSDAQ,의료
A242040,교보비엔케이스팩,FGSC.40.20.10,창업투자 및 종금,KOSDAQ,금융
A243070,휴온스,FGSC.35.20.20,제약,KOSDAQ,의료
A246690,티에스인베스트먼트,FGSC.40.20.10,창업투자 및 종금,KOSDAQ,금융
A246720,아스타,FGSC.35.10.10,의료 장비 및 서비스,KOSDAQ,의료
A250000,보라티알,FGSC.30.20.20,식료품,KOSDAQ,필수소비재
A250060,모비스,FGSC.45.10.20,IT 서비스,KOSDAQ,IT
A250930,케이비제10호스팩,FGSC.40.20.10,창업투자 및 종금,KOSDAQ,금융
A251370,와이엠티,FGSC.45.30.10,반도체 및 관련장비,KOSDAQ,IT
A251630,브이원텍,FGSC.45.40.10,디스플레이 및 관련부품,KOSDAQ,IT
A252500,IBKS지엠비스팩,FGSC.40.20.10,창업투자 및 종금,KOSDAQ,금융
A254120,IBKS제5호스팩,FGSC.40.20.10,창업투자 및 종금,KOSDAQ,금융
A256630,엔에이치스팩10호,FGSC.40.20.10,창업투자 및 종금,KOSDAQ,금융
A256840,엔에이치스팩11호,FGSC.40.20.10,창업투자 및 종금,KOSDAQ,금융
A257730,신한제3호스팩,FGSC.40.20.10,창업투자 및 종금,KOSDAQ,금융
A258610,이더블유케이,FGSC.10.10.10,에너지 시설 및 서비스,KOSDAQ,에너지
A258790,케이비제11호스팩,FGSC.40.20.10,창업투자 및 종금,KOSDAQ,금융
A261200,하나금융9호스팩,FGSC.40.20.10,창업투자 및 종금,KOSDAQ,금융
A262830,대신밸런스제4호스팩,FGSC.40.20.10,창업투자 및 종금,KOSDAQ,금융
A263600,덕우전자,FGSC.45.20.50,휴대폰 및 관련부품,KOSDAQ,IT
A263720,디앤씨미디어,FGSC.25.40.10,미디어,KOSDAQ,경기소비재
A263770,신영스팩3호,FGSC.40.20.10,창업투자 및 종금,KOSDAQ,금융
A263800,데이타솔루션,FGSC.45.10.20,IT 서비스,KOSDAQ,IT
A263860,지니언스,FGSC.45.10.30,일반 소프트웨어,KOSDAQ,IT
A264290,한화에이스스팩3호,FGSC.40.20.10,창업투자 및 종금,KOSDAQ,금융
A264450,유비쿼스,FGSC.45.20.10,통신장비,KOSDAQ,IT
A264850,IBKS제6호스팩,FGSC.40.20.10,창업투자 및 종금,KOSDAQ,금융
A265480,미래에셋대우스팩1호,FGSC.40.20.10,창업투자 및 종금,KOSDAQ,금융
A265520,AP시스템,FGSC.45.40.10,디스플레이 및 관련부품,KOSDAQ,IT
A265920,한화수성스팩,FGSC.40.20.10,창업투자 및 종금,KOSDAQ,금융
A267320,교보7호스팩,FGSC.40.20.10,창업투자 및 종금,KOSDAQ,금융
A267980,매일유업,FGSC.30.20.20,식료품,KOSDAQ,필수소비재
A270520,하나금융10호스팩,FGSC.40.20.10,창업투자 및 종금,KOSDAQ,금융
A271740,한국제5호스팩,FGSC.40.20.10,창업투자 및 종금,KOSDAQ,금융
A272290,이녹스첨단소재,FGSC.45.20.30,전자 장비 및 기기,KOSDAQ,IT
A273060,엔에이치스팩12호,FGSC.40.20.10,창업투자 및 종금,KOSDAQ,금융
A900040,차이나그레이트,FGSC.25.20.30,섬유 및 의복,KOSDAQ,경기소비재
A900070,글로벌에스엠,FGSC.20.10.60,기계,KOSDAQ,산업재
A900080,에스앤씨엔진그룹,FGSC.25.10.10,자동차부품,KOSDAQ,경기소비재
A900090,차이나하오란,FGSC.15.10.50,종이 및 목재,KOSDAQ,소재
A900100,뉴프라이드,FGSC.25.10.10,자동차부품,KOSDAQ,경기소비재
A900110,이스트아시아홀딩스,FGSC.25.20.20,레저용품,KOSDAQ,경기소비재
A900120,씨케이에이치,FGSC.35.20.10,바이오,KOSDAQ,의료
A900180,완리,FGSC.20.10.20,건축자재,KOSDAQ,산업재
A900250,크리스탈신소재,FGSC.15.10.10,화학,KOSDAQ,소재
A900260,로스웰,FGSC.25.10.10,자동차부품,KOSDAQ,경기소비재
A900270,헝셩그룹,FGSC.25.20.20,레저용품,KOSDAQ,경기소비재
A900280,골든센츄리,FGSC.20.10.60,기계,KOSDAQ,산업재
A900290,GRT,FGSC.15.10.30,용기 및 포장,KOSDAQ,소재
A900300,오가닉티코스메틱,FGSC.30.30.20,개인생활용품,KOSDAQ,필수소비재
A900310,컬러레이,FGSC.30.30.20,개인생활용품,KOSDAQ,필수소비재
A950110,SBI핀테크솔루션즈,FGSC.45.10.10,인터넷 서비스,KOSDAQ,IT
A950130,엑세스바이오,FGSC.35.10.10,의료 장비 및 서비스,KOSDAQ,의료
A950140,잉글우드랩(Reg.S),FGSC.30.30.20,개인생활용품,KOSDAQ,필수소비재